0.0,0.844672167,0.164303377,0.0,0.022082402,0.315372824,0.271481054,0.0,0.068493151,0.454209032,0.0,0.0,0.0,0.0,0.687384851,0.028013277,0.0,0.163074998,0.0,0.112414826,0.0,0.0,0.0,0.266386647,0.0,0.163074998,0.163074998,0.063492063,0.0,0.0,0.053191489,0.053191489,0.163074998,0.206873557,0.0,0.206873557,0.0,0.0,0.206873557,0.049857993,0.147540984,0.060240964,0.0,0.0,0.206873557,0.049857993,0.0,0.0,0.468554247,0.163074998,0.0,0.036761943,0.0,0.133086931,0.0,0.206873557,0.163074998,0.0,0.490223176,0.126760563,0.222834703,0.222834703,0.206873557,0.271481054,0.0,0.0,0.02182825,0.01910828,0.206873557,0.0,0.072,0.0,0.0,0.0,0.206873557,0.0,0.0,0.206873557,0.0,0.098097872,0.0,0.0,0.0,0.163074998,0.163074998,0.0,0.163074998,0.036761943,0.069898901,0.028013277,0.271481054,0.0,0.163074998,0.026315789,0.101626678,0.206873557,0.052325581,0.0,0.112414826,0.0,0.271481054,0.345369559,0.0,0.163074998,0.206873557,0.049857993,0.271481054,0.206873557,0.096774194,0.133086931,0.0,0.206873557
0.0,0.0,0.150723937,0.0,0.0,0.266386647,0.0,0.0,0.06122449,0.0,0.0,0.0,0.0,0.0,0.0,0.0,0.0,0.0,0.0,0.092000255,0.0,0.0,0.0,0.0,0.0,0.0,0.0,0.0,0.0,0.0,0.0,0.0,0.0,0.18526914,0.0,0.0,0.0,0.0,0.18526914,0.046646837,0.0,0.0,0.0,0.0,0.0,0.0,0.0,0.0,0.0,0.142026452,0.0,0.0,0.0,0.0,0.0,0.18526914,0.142026452,0.0,0.0,0.104895105,0.208482801,0.0,0.18526914,0.24904353,0.0,0.0,0.0,0.0,0.0,0.0,0.0,0.0,0.0,0.0,0.0,0.0,0.0,0.0,0.0,0.0,0.0,0.0,0.0,0.0,0.0,0.0,0.0,0.0,0.0,0.0,0.0,0.0,0.142026452,0.019607843,0.097685857,0.18526914,0.0,0.0,0.0,0.0,0.24904353,0.0,0.0,0.0,0.0,0.0,0.24904353,0.18526914,0.072,0.0,0.0,0.0
0.0,0.0,0.0,0.0,0.0,0.164303377,0.0,0.0,0.068493151,0.0,0.0,0.0,0.0,0.0,0.0,0.0,0.0,0.0,0.0,0.150723937,0.0,0.0,0.0,0.0,0.0,0.0,0.0,0.0,0.0,0.0,0.0,0.0,0.0,0.21283189,0.0,0.0,0.0,0.0,0.315789474,0.0,0.0,0.0,0.0,0.0,0.0,0.0,0.0,0.0,0.0,0.184015148,0.0,0.0,0.0,0.0,0.0,0.21283189,0.184015148,0.0,0.0,0.126760563,0.527498701,0.0,0.21283189,0.255398362,0.0,0.0,0.0,0.0,0.0,0.0,0.0,0.0,0.0,0.0,0.0,0.0,0.0,0.0,0.0,0.0,0.0,0.0,0.0,0.0,0.0,0.0,0.0,0.0,0.0,0.0,0.0,0.0,0.184015148,0.026315789,0.128249503,0.21283189,0.0,0.0,0.0,0.0,0.255398362,0.0,0.0,0.0,0.0,0.0,0.255398362,0.21283189,0.0,0.0,0.0,0.0
0.028013277,0.025087767,0.047619921,0.0,0.078342404,0.028013277,0.047619921,0.047619921,0.0,0.115768709,0.0,0.0,0.03846223,0.025087767,0.028013277,0.093408273,0.028013277,0.032258637,0.028013277,0.025087767,0.028013277,0.0,0.0,0.025087767,0.0,0.032258637,0.032258637,0.0,0.0,0.0,0.0,0.0,0.032258637,0.03846223,0.047619921,0.03846223,0.03846223,0.061343273,0.03846223,0.14897652,0.061343273,0.0,0.032258637,0.0,0.03846223,0.14897652,0.03846223,0.032258637,0.028013277,0.032258637,0.047619921,0.115648379,0.0,0.028013277,0.0,0.03846223,0.032258637,0.028013277,0.03846223,0.0,0.061343273,0.061343273,0.03846223,0.047619921,0.028013277,0.047619921,0.133274986,0.0,0.03846223,0.032258637,0.0,0.032258637,0.032258637,0.0,0.03846223,0.078342404,0.032258637,0.03846223,0.025087767,0.023062118,0.032258637,0.047619921,0.028013277,0.032258637,0.032258637,0.444229946,0.032258637,0.115648379,0.082379097,0.093408273,0.047619921,0.03846223,0.032258637,0.0,0.115768709,0.03846223,0.0,0.032258637,0.025087767,0.078342404,0.047619921,0.023062118,0.0,0.032258637,0.03846223,0.061343273,0.047619921,0.03846223,0.032258637,0.028013277,0.0,0.03846223
0.0,0.019232165,0.041172339,0.0,0.0,0.022082402,0.0,0.0,0.0,0.107359913,0.068493151,0.0,0.0,0.0,0.022082402,0.078342404,0.0,0.026217688,0.0,0.019232165,0.0,0.0,0.0,0.019232165,0.0,0.0,0.026217688,0.0,0.0,0.0,0.0,0.0,0.026217688,0.032258637,0.0,0.032258637,0.0,0.0,0.032258637,0.243677156,0.054521373,0.0,0.0,0.0,0.032258637,0.402631596,0.0,0.0,0.022082402,0.026217688,0.0,0.0,0.0,0.022082402,0.0,0.032258637,0.026217688,0.0,0.032258637,0.0,0.054521373,0.054521373,0.032258637,0.041172339,0.0,0.0,0.06092019,0.0,0.0,0.0,0.0,0.0,0.0,0.0,0.032258637,0.0,0.0,0.032258637,0.0,0.017258356,0.0,0.0,0.0,0.026217688,0.026217688,0.0,0.026217688,0.099989966,0.07496322,0.372579866,0.041172339,0.0,0.026217688,0.0,0.107359913,0.032258637,0.0,0.0,0.019232165,0.0,0.041172339,0.017258356,0.0,0.026217688,0.0,0.054521373,0.041172339,0.032258637,0.026217688,0.022082402,0.0,0.032258637
0.0,0.0,0.0,0.0,0.0,0.0,0.0,0.0,0.064102564,0.0,0.0,0.0,0.0,0.0,0.0,0.0,0.0,0.0,0.0,0.112414826,0.0,0.0,0.0,0.0,0.0,0.0,0.0,0.0,0.0,0.0,0.0,0.0,0.0,0.206873557,0.0,0.0,0.0,0.0,0.0,0.0,0.0,0.0,0.0,0.0,0.0,0.0,0.0,0.0,0.0,0.163074998,0.0,0.0,0.0,0.0,0.0,0.0,0.163074998,0.0,0.0,0.789473684,0.222834703,0.0,0.206873557,0.271481054,0.0,0.0,0.0,0.0,0.0,0.0,0.0,0.0,0.0,0.0,0.0,0.0,0.0,0.0,0.0,0.0,0.0,0.0,0.0,0.0,0.0,0.0,0.0,0.0,0.0,0.0,0.0,0.0,0.163074998,0.024691358,0.0,0.206873557,0.0,0.0,0.0,0.0,0.271481054,0.0,0.0,0.0,0.0,0.0,0.271481054,0.206873557,0.0,0.0,0.0,0.0
0.0,0.24904353,0.255398362,0.0,0.041172339,0.271481054,0.0,0.0,0.166666667,0.573196756,0.0,0.0,0.0,0.0,0.271481054,0.047619921,0.0,0.304051121,0.0,0.24904353,0.0,0.0,0.0,0.24904353,0.0,0.0,0.304051121,0.147982063,0.0,0.0,0.0,0.0,0.304051121,0.351665478,0.0,0.351665478,0.0,0.0,0.351665478,0.071429946,0.173472727,0.06,0.0,0.0,0.351665478,0.071429946,0.0,0.0,0.271481054,0.304051121,0.0,0.0,0.0,0.271481054,0.0,0.351665478,0.304051121,0.0,0.351665478,0.034090909,0.319248128,0.319248128,0.351665478,0.421998728,0.0,0.0,0.036757459,0.047120419,0.0,0.0,0.018867925,0.0,0.0,0.0,0.351665478,0.0,0.0,0.351665478,0.0,0.233510809,0.0,0.0,0.0,0.304051121,0.304051121,0.0,0.304051121,0.057143926,0.093360272,0.047619921,0.421998728,0.0,0.304051121,0.193548387,0.128249503,0.549999175,0.349514563,0.0,0.24904353,0.0,0.421998728,0.233510809,0.0,0.304051121,0.0,0.071429946,1.0,0.351665478,0.099989966,0.271481054,0.0,0.549999175
0.271481054,0.24904353,0.255398362,0.0,0.041172339,0.271481054,0.421998728,0.0,1.0,0.573196756,0.0,0.0,0.351665478,0.24904353,0.271481054,0.047619921,0.271481054,0.304051121,0.271481054,0.24904353,0.0,0.0,0.0,0.24904353,0.0,0.304051121,0.304051121,0.142180095,0.0,0.0,0.142857143,0.142857143,0.304051121,0.351665478,0.0,0.351665478,0.21283189,0.319248128,0.351665478,0.071429946,0.173472727,0.159574468,0.0,0.0,0.351665478,0.071429946,0.351665478,0.304051121,0.271481054,0.304051121,0.421998728,0.057143926,0.0,0.271481054,0.0,0.351665478,0.304051121,0.271481054,0.351665478,0.073170732,0.319248128,0.319248128,0.351665478,0.421998728,0.0,0.0,0.036757459,0.150837989,0.351665478,0.304051121,0.06122449,0.304051121,0.304051121,0.0,0.351665478,0.0,0.0,0.351665478,0.24904353,0.233510809,0.0,0.421998728,0.271481054,0.304051121,0.304051121,0.0,0.304051121,0.057143926,0.093360272,0.047619921,1.0,0.0,0.304051121,0.172413793,0.128249503,0.351665478,0.139175258,0.304051121,0.24904353,0.0,0.421998728,0.233510809,0.0,0.304051121,0.833333028,0.071429946,0.421998728,0.351665478,0.099989966,0.271481054,0.0,0.351665478
0.0,0.0,0.0,0.0,0.0,0.0,0.0,0.0,0.0,0.0,0.0,0.0,0.0,0.0,0.0,0.0,0.0,0.0,0.0,0.0,0.0,0.0,0.0,0.0,0.0,0.0,0.0,0.0,0.0,0.0,0.0,0.0,0.0,0.0,0.0,0.0,0.0,0.0,0.0,0.0,0.0,0.0,0.0,0.0,0.0,0.0,0.0,0.0,0.0,0.0,0.0,0.0,0.0,0.0,0.0,0.0,0.0,0.0,0.0,0.0,0.0,0.0,0.0,0.0,0.0,0.0,0.0,0.0,0.0,0.0,0.0,0.0,0.0,0.0,0.0,0.0,0.0,0.0,0.0,0.0,0.0,0.0,0.0,0.0,0.0,0.0,0.0,0.0,0.0,0.0,0.0,0.0,0.0,0.0,0.0,0.0,0.0,0.0,0.0,0.0,0.0,0.0,0.0,0.0,0.0,0.0,0.0,0.0,0.0,0.0,0.0,0.0
0.0,0.436595975,0.573196756,0.0,0.0,0.454209032,0.0,0.0,0.344827586,0.0,0.0,0.0,0.0,0.0,0.0,0.0,0.0,0.0,0.0,0.436595975,0.0,0.0,0.0,0.0,0.0,0.0,0.0,0.0,0.0,0.0,0.0,0.0,0.0,0.517415251,0.0,0.0,0.0,0.0,0.517415251,0.14710564,0.0,0.0,0.0,0.0,0.0,0.0,0.0,0.0,0.0,0.479833079,0.0,0.0,0.0,0.0,0.0,0.517415251,0.479833079,0.0,0.0,0.321428571,0.657472144,0.0,0.517415251,0.573196756,0.0,0.0,0.0,0.0,0.0,0.0,0.0,0.0,0.0,0.0,0.0,0.0,0.0,0.0,0.0,0.0,0.0,0.0,0.0,0.0,0.0,0.0,0.0,0.0,0.176370951,0.0,0.0,0.0,0.479833079,0.278688525,0.223744292,0.517415251,0.0,0.0,0.0,0.0,0.573196756,0.0,0.0,0.0,0.0,0.14710564,0.573196756,0.517415251,0.361702128,0.0,0.0,0.0
0.0,0.0,0.0,0.0,0.0,0.0,0.0,0.0,0.0,0.0,0.0,0.0,0.0,0.0,0.0,0.0,0.0,0.0,0.0,0.0,0.0,0.0,0.0,0.0,0.0,0.0,0.0,0.0,0.0,0.0,0.0,0.0,0.0,0.0,0.0,0.0,0.0,0.0,0.0,0.342857143,0.0,0.0,0.0,0.0,0.0,0.0,0.0,0.0,0.0,0.0,0.0,0.0,0.0,0.0,0.0,0.0,0.0,0.0,0.0,0.0,0.0,0.0,0.0,0.0,0.0,0.0,0.0,0.0,0.0,0.0,0.0,0.0,0.0,0.0,0.0,0.0,0.0,0.0,0.0,0.0,0.0,0.0,0.0,0.0,0.0,0.0,0.0,0.0,0.0,0.0,0.0,0.0,0.0,0.0,0.0,0.0,0.0,0.0,0.0,0.0,0.0,0.0,0.0,0.0,0.0,0.0,0.0,0.0,0.0,0.0,0.0,0.0
0.046875,0.031088083,0.046875,0.034782609,0.0625,0.054455446,0.013274336,0.042056075,0.042056075,0.203703704,0.046728972,0.0,0.008928571,0.031088083,0.081081081,0.0,0.025,0.008368201,0.007194245,0.0,0.0,0.0,0.008368201,0.037878788,0.0,0.02991453,0.035019455,0.035019455,0.0,0.020661157,0.02734375,0.02734375,0.0,0.013636364,0.013636364,0.0,0.02278481,0.043269231,0.040909091,0.053763441,0.394736842,0.02991453,0.02991453,0.0,0.009569378,0.0,0.0125,0.0,0.056603774,0.043269231,0.023364486,0.0,0.0,0.02690583,0.0,0.006257822,0.006257822,0.0,0.14159292,0.085714286,0.043269231,0.067567568,0.172268908,0.023364486,0.274647887,0.013274336,0.054054054,0.008888889,0.037656904,0.02278481,0.031088083,0.006257822,0.006257822,0.0,0.0,0.0,0.041666667,0.018939394,0.018939394,0.0,0.0,0.021008403,0.027131783,0.024691358,0.024691358,0.053097345,0.0,0.0,0.087591241,0.0,0.0,0.013636364,0.0,0.013636364,0.0,0.0,0.025,0.025,0.03358209,0.0,0.013636364,0.039408867,0.02173913,0.0,0.024509804,0.0,0.013274336,0.008928571,0.046875,0.0,0.0,0.092936803
0.206873557,0.18526914,0.21283189,0.0,0.032258637,0.206873557,0.351665478,0.0,0.151685393,0.517415251,0.0,0.0,0.0,0.18526914,0.206873557,0.03846223,0.206873557,0.23822486,0.0,0.18526914,0.0,0.0,0.0,0.18526914,0.0,0.23822486,0.564515588,0.20361991,0.0,0.0,0.040909091,0.040909091,0.23822486,0.284037401,0.0,0.284037401,0.0,0.0,0.284037401,0.061343273,0.14897652,0.045454545,0.0,0.0,0.284037401,0.061343273,0.0,0.0,0.206873557,0.23822486,0.0,0.047619921,0.0,0.206873557,0.0,0.284037401,0.23822486,0.0,0.284037401,0.028735632,0.274166874,0.274166874,0.284037401,0.351665478,0.0,0.0,0.029819518,0.031746032,0.284037401,0.23822486,0.012738854,0.0,0.0,0.0,0.284037401,0.0,0.0,0.673076439,0.0,0.403579513,0.0,0.0,0.0,0.23822486,0.23822486,0.0,0.23822486,0.047619921,0.082379097,0.03846223,0.351665478,0.0,0.372579866,0.114130435,0.115768709,0.284037401,0.098039216,0.23822486,0.18526914,0.0,0.351665478,0.170310041,0.0,0.23822486,0.284037401,0.061343273,0.351665478,1.0,0.078342404,0.206873557,0.0,0.284037401
0.112414826,0.092000255,0.744,0.0,0.019232165,0.112414826,0.24904353,0.0,0.06122449,0.436595975,0.0,0.0,0.0,0.0,0.112414826,0.025087767,0.0,0.222127095,0.0,0.143886925,0.0,0.0,0.0,0.092000255,0.0,0.377245509,0.236842105,0.236842105,0.0,0.0,0.164021164,0.164021164,0.222127095,0.439027721,0.0,0.289757968,0.0,0.0,0.215686275,0.046646837,0.12195122,0.377245509,0.0,0.0,0.289757968,0.046646837,0.0,0.0,0.112414826,0.142026452,0.0,0.033723621,0.0,0.397435897,0.0,0.18526914,0.142026452,0.0,0.18526914,0.104895105,0.208482801,0.208482801,0.18526914,0.389500093,0.0,0.0,0.019576356,0.012658228,0.289757968,0.142026452,0.047619048,0.0,0.0,0.0,0.289757968,0.0,0.0,0.18526914,0.0,0.077860721,0.0,0.0,0.0,0.272727273,0.272727273,0.0,0.142026452,0.033723621,0.066414066,0.025087767,0.24904353,0.0,0.142026452,0.019607843,0.097685857,0.18526914,0.358381503,0.0,0.104477612,0.0,0.389500093,0.077860721,0.0,0.222127095,0.18526914,0.046646837,0.24904353,0.18526914,0.072,0.112414826,0.0,0.18526914
0.0,0.580614852,0.164303377,0.0,0.0,0.315372824,0.0,0.0,0.056818182,0.454209032,0.0,0.0,0.0,0.0,0.0,0.0,0.0,0.163074998,0.0,0.112414826,0.0,0.0,0.0,0.0,0.0,0.0,0.0,0.0,0.0,0.0,0.0,0.0,0.0,0.206873557,0.0,0.0,0.0,0.0,0.206873557,0.049857993,0.0,0.051020408,0.0,0.0,0.206873557,0.0,0.0,0.0,0.0,0.163074998,0.0,0.0,0.0,0.0,0.0,0.206873557,0.163074998,0.0,0.0,0.127906977,0.222834703,0.0,0.206873557,0.271481054,0.0,0.0,0.0,0.0,0.0,0.0,0.0,0.0,0.0,0.0,0.0,0.0,0.0,0.0,0.0,0.098097872,0.0,0.0,0.0,0.0,0.0,0.0,0.0,0.0,0.069898901,0.0,0.271481054,0.0,0.163074998,0.021978022,0.101626678,0.206873557,0.0,0.0,0.0,0.0,0.271481054,0.0,0.0,0.0,0.0,0.049857993,0.271481054,0.206873557,0.077922078,0.133086931,0.0,0.206873557
0.0,0.025087767,0.047619921,0.0,0.0,0.028013277,0.0,0.0,0.0,0.115768709,0.0,0.0,0.0,0.0,0.028013277,0.0,0.0,0.032258637,0.0,0.025087767,0.0,0.0,0.0,0.0,0.0,0.0,0.0,0.0,0.0,0.0,0.0,0.0,0.0,0.03846223,0.0,0.0,0.0,0.0,0.03846223,0.14897652,0.0,0.0,0.0,0.0,0.03846223,0.0,0.0,0.0,0.0,0.032258637,0.0,0.0,0.0,0.028013277,0.0,0.138728324,0.138728324,0.0,0.0,0.0,0.061343273,0.0,0.03846223,0.047619921,0.0,0.0,0.0,0.0,0.0,0.0,0.0,0.0,0.0,0.0,0.0,0.0,0.0,0.0,0.0,0.023062118,0.0,0.0,0.0,0.0,0.0,0.0,0.0,0.0,0.082379097,0.0,0.047619921,0.0,0.032258637,0.0,0.115768709,0.03846223,0.0,0.0,0.0,0.0,0.047619921,0.023062118,0.0,0.0,0.0,0.061343273,0.047619921,0.03846223,0.032258637,0.028013277,0.0,0.03846223
0.133086931,0.112414826,0.540697674,0.0,0.022082402,0.133086931,0.424592019,0.0,0.139175258,0.454209032,0.0,0.0,0.0,0.358381503,0.133086931,0.028013277,0.0,0.163074998,0.0,0.112414826,0.0,0.0,0.0,0.112414826,0.0,0.322429907,0.274261603,0.274261603,0.0,0.0,0.156779661,0.156779661,0.163074998,0.206873557,0.0,0.206873557,0.0,0.0,0.215,0.049857993,0.121083697,0.322429907,0.0,0.0,0.206873557,0.049857993,0.0,0.0,0.133086931,0.163074998,0.0,0.036761943,0.0,0.325123153,0.0,0.206873557,0.163074998,0.0,0.206873557,0.078947368,0.222834703,0.222834703,0.206873557,0.271481054,0.0,0.0,0.02182825,0.029268293,0.219178082,0.163074998,0.034682081,0.0,0.0,0.0,0.206873557,0.0,0.0,0.206873557,0.0,0.098097872,0.0,0.0,0.0,0.242152466,0.242152466,0.0,0.163074998,0.036761943,0.069898901,0.029411765,0.271481054,0.0,0.163074998,0.135,0.101626678,0.7283321,1.0,0.0,0.112414826,0.0,0.271481054,0.098097872,0.0,0.163074998,0.206873557,0.049857993,0.424592019,0.206873557,0.053628691,0.133086931,0.0,0.490223176
0.0,0.142026452,0.184015148,0.0,0.0,0.163074998,0.0,0.0,0.139896373,0.479833079,0.0,0.0,0.0,0.0,0.0,0.0,0.0,0.0,0.0,0.733556862,0.0,0.0,0.0,0.0,0.0,0.0,0.0,0.0,0.0,0.0,0.0,0.0,0.0,0.372579866,0.0,0.0,0.0,0.0,0.23822486,0.054521373,0.0,0.126760563,0.0,0.0,0.372579866,0.0,0.0,0.0,0.0,0.193613418,0.0,0.0,0.0,0.0,0.0,0.23822486,0.193613418,0.0,0.0,0.026455026,0.243677156,0.0,0.23822486,0.475531084,0.0,0.0,0.0,0.0,0.0,0.0,0.0,0.0,0.0,0.0,0.0,0.0,0.0,0.0,0.0,0.0,0.0,0.0,0.0,0.0,0.0,0.0,0.0,0.0,0.07496322,0.0,0.0,0.0,0.193613418,0.045226131,0.107359913,0.23822486,0.0,0.0,0.0,0.0,0.475531084,0.0,0.0,0.0,0.0,0.054521373,0.304051121,0.23822486,0.063671527,0.163074998,0.0,0.0
0.133086931,0.112414826,0.164303377,0.0,0.022082402,0.133086931,0.271481054,0.0,0.156923077,0.454209032,0.0,0.0,0.206873557,0.175814988,0.133086931,0.028013277,0.133086931,0.842271159,0.0,0.844672167,0.0,0.0,0.0,0.112414826,0.0,0.255046685,0.163074998,0.03649635,0.0,0.0,0.168704156,0.168704156,0.255046685,0.32354693,0.0,0.32354693,0.125202196,0.222834703,0.206873557,0.049857993,0.121083697,0.123287671,0.0,0.0,0.32354693,0.049857993,0.206873557,0.163074998,0.133086931,0.163074998,0.424592019,0.066914498,0.0,0.133086931,0.0,0.206873557,0.163074998,0.133086931,0.206873557,0.028391167,0.222834703,0.222834703,0.206873557,0.424592019,0.0,0.0,0.02182825,0.025936599,0.32354693,0.163074998,0.010600707,0.163074998,0.163074998,0.036101083,0.32354693,0.0,0.0,0.206873557,0.112414826,0.098097872,0.0,0.0,0.133086931,0.163074998,0.163074998,0.0,0.163074998,0.036761943,0.069898901,0.028013277,0.271481054,0.0,0.163074998,0.044510386,0.101626678,0.206873557,0.023872679,0.163074998,0.112414826,0.0,0.424592019,0.098097872,0.0,0.255046685,0.206873557,0.049857993,0.271481054,0.206873557,0.053628691,0.133086931,0.0,0.206873557
0.0,0.0,0.0,0.0,0.0,0.0,0.0,0.0,0.0,0.0,0.0,0.0,0.0,0.0,0.0,0.0,0.0,0.0,0.0,0.0,0.0,0.0,0.0,0.0,0.0,0.0,0.0,0.0,0.0,0.0,0.0,0.0,0.0,0.289757968,0.0,0.0,0.0,0.0,0.0,0.0,0.0,0.0,0.0,0.0,0.0,0.0,0.0,0.0,0.0,0.142026452,0.0,0.0,0.0,0.0,0.0,0.0,0.142026452,0.0,0.0,0.0,0.0,0.0,0.18526914,0.389500093,0.0,0.0,0.0,0.0,0.0,0.0,0.0,0.0,0.0,0.0,0.0,0.0,0.0,0.0,0.0,0.0,0.0,0.0,0.0,0.0,0.0,0.0,0.0,0.0,0.0,0.0,0.0,0.0,0.0,0.0,0.0,0.18526914,0.0,0.0,0.0,0.0,0.0,0.0,0.0,0.0,0.0,0.0,0.0,0.18526914,0.0,0.0,0.0,0.0
0.133086931,0.112414826,0.164303377,0.0,0.022082402,0.133086931,0.271481054,0.271481054,0.0,0.454209032,0.0,0.0,0.206873557,0.175814988,0.133086931,0.028013277,0.133086931,0.842271159,0.687384851,0.580614852,0.0,0.0,0.0,0.112414826,0.0,0.255046685,0.163074998,0.0,0.0,0.0,0.0,0.0,0.255046685,0.32354693,0.424592019,0.32354693,0.125202196,0.222834703,0.206873557,0.049857993,0.121083697,0.0,0.255046685,0.0,0.32354693,0.049857993,0.206873557,0.163074998,0.133086931,0.163074998,0.424592019,0.036761943,0.0,0.133086931,0.0,0.206873557,0.163074998,0.133086931,0.206873557,0.0,0.222834703,0.222834703,0.206873557,0.424592019,0.133086931,0.271481054,0.02182825,0.0,0.32354693,0.163074998,0.0,0.163074998,0.163074998,0.0,0.32354693,0.022082402,0.163074998,0.206873557,0.112414826,0.098097872,0.163074998,0.271481054,0.133086931,0.163074998,0.163074998,0.028013277,0.163074998,0.036761943,0.069898901,0.028013277,0.271481054,0.206873557,0.163074998,0.0,0.101626678,0.206873557,0.0,0.163074998,0.112414826,0.0,0.424592019,0.098097872,0.0,0.255046685,0.206873557,0.049857993,0.271481054,0.206873557,0.053628691,0.133086931,0.0,0.206873557
0.163074998,0.142026452,0.184015148,0.032258637,0.026217688,0.163074998,0.304051121,0.304051121,0.139896373,0.479833079,0.0,0.008368201,0.23822486,0.222127095,0.163074998,0.032258637,0.163074998,1.0,0.842271159,0.733556862,0.842271159,0.0,1.0,0.142026452,0.0,0.302808285,0.193613418,0.038135593,0.0,0.475531084,0.191489362,0.191489362,0.302808285,0.372579866,0.475531084,0.372579866,0.144176356,0.243677156,0.23822486,0.054521373,0.132409048,0.126760563,0.302808285,0.0,0.372579866,0.054521373,0.23822486,0.193613418,0.163074998,0.193613418,0.475531084,0.060606061,0.060606061,0.163074998,0.304051121,0.23822486,0.193613418,0.163074998,0.23822486,0.026455026,0.243677156,0.243677156,0.23822486,0.475531084,0.163074998,0.304051121,0.025084784,0.029411765,0.372579866,0.193613418,0.011627907,0.193613418,0.193613418,0.035502959,0.372579866,0.026217688,0.193613418,0.23822486,0.142026452,0.12745019,0.193613418,0.304051121,0.163074998,0.193613418,0.193613418,0.032258637,0.193613418,0.041172339,0.07496322,0.032258637,0.304051121,0.23822486,0.193613418,0.045226131,0.107359913,0.23822486,0.02739726,0.193613418,0.142026452,0.026217688,0.475531084,0.12745019,0.304051121,0.302808285,0.23822486,0.054521373,0.304051121,0.23822486,0.063671527,0.163074998,0.07496322,0.23822486
0.01754386,0.011627907,0.01754386,0.0,0.0,0.016574586,0.043902439,0.139896373,0.139896373,0.234042553,0.0,0.0,0.02955665,0.011627907,0.014925373,0.0,0.02739726,1.0,0.744,0.0,0.0,0.0,0.0,0.011299435,0.0,0.126760563,0.038135593,0.038135593,0.0,0.0,0.191489362,0.191489362,0.0,0.135678392,0.0,0.0,0.008498584,0.016042781,0.075376884,0.0,0.029585799,0.126760563,0.0,0.0,0.031914894,0.0,0.04109589,0.0,0.015706806,0.016042781,0.233160622,0.060606061,0.0,0.02970297,0.0,0.020979021,0.020979021,0.0,0.043902439,0.026455026,0.016042781,0.024875622,0.041474654,0.077720207,0.0,0.043902439,0.0,0.029411765,0.027522936,0.008498584,0.011627907,0.020979021,0.020979021,0.035502959,0.0,0.0,0.0,0.061728395,0.061728395,0.0,0.0,0.207373272,0.113924051,0.040540541,0.040540541,0.0,0.0,0.0,0.0,0.0,0.0,0.0,0.0,0.045226131,0.0,0.0,0.02739726,0.02739726,0.036437247,0.0,0.316582915,0.010989011,0.0,0.0,0.081967213,0.0,0.043902439,0.02955665,0.01754386,0.0,0.0,0.052419355
0.0,0.218010739,0.150723937,0.0,0.0,0.844672167,0.0,0.0,0.059210526,0.436595975,0.0,0.0,0.0,0.0,0.266386647,0.025087767,0.0,0.142026452,0.0,0.092000255,0.0,0.0,0.0,0.0,0.325,0.0,0.0,0.046153846,0.0,0.0,0.0,0.0,0.0,0.18526914,0.0,0.0,0.0,0.0,0.18526914,0.046646837,0.1171875,0.040697674,0.0,0.0,0.18526914,0.0,0.0,0.0,0.266386647,0.142026452,0.0,0.0,0.0,0.112414826,0.0,0.18526914,0.142026452,0.0,0.658536585,0.675675676,0.208482801,0.208482801,0.18526914,0.24904353,0.0,0.0,0.028125,0.0,0.0,0.0,0.0,0.0,0.0,0.0,0.18526914,0.0,0.0,0.0,0.0,0.077860721,0.0,0.0,0.0,0.0,0.0,0.0,0.142026452,0.033723621,0.066414066,0.025087767,0.24904353,0.0,0.142026452,0.018987342,0.097685857,0.18526914,0.0,0.0,0.0,0.0,0.24904353,0.184504633,0.0,0.142026452,0.0,0.046646837,0.24904353,0.18526914,0.069230769,0.112414826,0.0,0.18526914
0.0,0.0,0.0,0.0,0.0,0.317307692,0.0,0.0,0.0,0.0,0.0,0.0,0.0,0.0,0.0,0.0,0.0,0.0,0.0,0.0,0.0,0.0,0.0,0.0,0.0,0.0,0.0,0.0,0.0,0.0,0.0,0.0,0.0,0.0,0.0,0.0,0.0,0.0,0.0,0.0,0.0,0.0,0.0,0.0,0.0,0.0,0.0,0.0,0.0,0.0,0.0,0.0,0.0,0.0,0.0,0.0,0.0,0.0,0.0,0.303571429,0.0,0.0,0.0,0.0,0.0,0.0,0.0,0.0,0.0,0.0,0.0,0.0,0.0,0.0,0.0,0.0,0.0,0.0,0.0,0.0,0.0,0.0,0.0,0.0,0.0,0.0,0.0,0.0,0.0,0.0,0.0,0.0,0.0,0.0,0.0,0.0,0.0,0.0,0.0,0.0,0.0,0.314285714,0.0,0.0,0.0,0.0,0.0,0.0,0.0,0.0,0.0,0.0
0.0,0.142026452,0.56626506,0.0,0.026217688,0.163074998,0.304051121,0.0,0.159574468,0.479833079,0.0,0.0,0.0,0.0,0.163074998,0.032258637,0.0,0.302808285,0.0,0.222127095,0.0,0.0,0.0,0.142026452,0.0,0.0,0.233766234,0.233766234,0.0,0.0,0.0,0.0,0.302808285,0.372579866,0.0,0.372579866,0.0,0.0,0.23822486,0.054521373,0.132409048,1.0,0.0,0.0,0.372579866,0.054521373,0.0,0.0,0.163074998,0.193613418,0.0,0.0,0.0,0.350253807,0.0,0.23822486,0.193613418,0.0,0.23822486,0.086956522,0.243677156,0.243677156,0.23822486,0.475531084,0.0,0.0,0.025084784,0.045226131,0.0,0.0,0.041916168,0.0,0.0,0.146341463,0.372579866,0.0,0.0,0.23822486,0.0,0.12745019,0.0,0.0,0.0,0.262672811,0.262672811,0.0,0.193613418,0.041172339,0.07496322,0.032258637,0.304051121,0.0,0.193613418,0.06185567,0.107359913,0.23822486,0.322429907,0.0,0.142026452,0.0,0.475531084,0.12745019,0.0,0.302808285,0.23822486,0.054521373,0.304051121,0.23822486,0.063671527,0.163074998,0.0,0.23822486
0.0,0.142026452,0.317460317,0.0,0.0,0.163074998,0.0,0.0,0.142180095,0.479833079,0.0,0.0,0.0,0.0,0.163074998,0.032258637,0.0,0.193613418,0.0,0.142026452,0.0,0.0,0.0,0.142026452,0.0,0.0,0.0,1.0,0.0,0.0,0.0,0.0,0.0,0.23822486,0.0,0.0,0.0,0.0,0.276497696,0.054521373,0.132409048,0.233766234,0.0,0.0,0.23822486,0.0,0.0,0.0,0.163074998,0.193613418,0.0,0.0,0.0,0.231818182,0.0,0.23822486,0.193613418,0.0,0.23822486,0.086956522,0.243677156,0.243677156,0.23822486,0.304051121,0.0,0.0,0.025084784,0.0,0.0,0.0,0.0,0.0,0.0,0.0,0.23822486,0.0,0.0,0.0,0.0,0.65827147,0.0,0.0,0.0,0.0,0.0,0.0,0.193613418,0.041172339,0.07496322,0.032258637,0.304051121,0.0,0.302808285,0.110599078,0.107359913,0.23822486,0.274261603,0.0,0.0,0.0,0.304051121,0.12745019,0.0,0.193613418,0.0,0.054521373,0.304051121,0.564515588,0.063671527,0.163074998,0.0,0.23822486
0.0,0.047368421,0.317460317,0.0,0.0,0.060301508,0.0,0.0,0.142180095,0.213836478,0.0,0.0,0.0,0.0,0.054794521,0.0,0.0,0.038135593,0.0,0.0,0.0,0.0,0.0,0.0,0.0,0.0,0.0,0.0,0.0,0.0,0.0,0.0,0.0,0.055299539,0.0,0.0,0.0,0.0,0.276497696,0.0,0.0,0.233766234,0.0,0.0,0.04368932,0.0,0.0,0.0,0.0,0.058536585,0.0,0.0,0.0,0.231818182,0.0,0.034307497,0.034307497,0.0,0.0,0.086956522,0.136585366,0.0,0.10212766,0.085308057,0.0,0.0,0.0,0.0,0.0,0.0,0.0,0.0,0.0,0.0,0.0,0.0,0.0,0.0,0.0,0.0,0.0,0.0,0.0,0.0,0.0,0.0,0.0,0.0,0.0,0.026737968,0.0,0.0,0.0,0.110599078,0.0,0.0,0.0,0.0,0.0,0.0,0.055299539,0.045,0.0,0.0,0.0,0.0,0.147982063,0.20361991,0.063492063,0.0,0.0,0.157894737
0.0,0.0,0.0,0.0,0.0,0.0,0.0,0.0,0.0,0.0,0.0,0.0,0.0,0.0,0.0,0.0,0.0,0.0,0.0,0.0,0.0,0.0,0.0,0.0,0.0,0.0,0.0,0.0,0.0,0.0,0.0,0.0,0.0,0.0,0.0,0.0,0.0,0.0,0.0,0.0,0.0,0.0,0.0,0.0,0.0,0.0,0.0,0.0,0.0,0.0,0.0,0.0,0.0,0.0,0.0,0.0,0.0,0.0,0.0,0.0,0.0,0.0,0.0,0.0,0.0,0.0,0.0,0.0,0.0,0.0,0.0,0.0,0.0,0.0,0.0,0.0,0.0,0.0,0.0,0.0,0.0,0.0,0.0,0.0,0.0,0.0,0.0,0.0,0.0,0.0,0.0,0.0,0.0,0.0,0.0,0.0,0.0,0.0,0.0,0.0,0.0,0.0,0.0,0.0,0.0,0.0,0.0,0.0,0.0,0.0,0.0,0.0
0.271481054,0.24904353,0.255398362,0.047619921,0.041172339,0.271481054,0.421998728,0.421998728,0.183673469,0.573196756,0.0,0.0,0.351665478,0.389500093,0.271481054,0.047619921,0.271481054,0.475531084,0.424592019,0.389500093,0.424592019,0.0,0.312217195,0.24904353,0.0,0.475531084,0.304051121,0.075313808,0.0,0.0,0.705882353,0.705882353,0.720502458,0.549999175,0.659999252,0.549999175,0.21283189,0.319248128,0.351665478,0.071429946,0.173472727,0.194444444,0.475531084,0.0,0.549999175,0.071429946,0.351665478,0.304051121,0.271481054,0.304051121,0.659999252,0.071428571,0.071428571,0.271481054,0.0,0.351665478,0.304051121,0.271481054,0.351665478,0.041666667,0.319248128,0.319248128,0.351665478,0.659999252,0.271481054,0.421998728,0.036757459,0.169082126,0.549999175,0.304051121,0.028571429,0.304051121,0.304051121,0.046511628,0.549999175,0.041172339,0.304051121,0.351665478,0.24904353,0.233510809,0.304051121,0.421998728,0.271481054,0.304051121,0.304051121,0.047619921,0.304051121,0.057143926,0.093360272,0.047619921,0.421998728,0.351665478,0.304051121,0.089108911,0.128249503,0.351665478,0.067567568,0.304051121,0.24904353,0.041172339,0.659999252,0.233510809,0.0,0.475531084,0.351665478,0.071429946,0.421998728,0.351665478,0.099989966,0.271481054,0.0,0.351665478
0.0,0.037037037,0.244680851,0.0,0.0,0.050505051,0.054054054,0.0,0.142857143,0.215189873,0.0,0.0,0.0,0.0,0.04587156,0.0,0.0,0.191489362,0.0,0.0,0.0,0.0,0.0,0.036082474,0.0,0.252173913,0.213438735,0.213438735,0.0,0.0,0.0,1.0,0.0,0.138888889,0.0,0.0,0.0,0.0,0.472222222,0.0,0.086021505,0.252173913,0.0,0.0,0.102439024,0.0,0.0,0.0,0.048076923,0.049019608,0.0,0.054945055,0.0,0.168949772,0.0,0.034482759,0.034482759,0.0,0.126126126,0.077669903,0.107843137,0.073394495,0.094017094,0.2,0.0,0.0,0.0,0.095022624,0.0,0.0,0.037037037,0.0,0.0,0.032258065,0.0,0.0,0.0,0.069230769,0.0,0.0,0.0,0.0,0.0,0.205020921,0.205020921,0.0,0.0,0.0,0.0,0.0,0.0,0.0,0.0,0.055555556,0.0,0.0,0.156779661,0.0,0.113636364,0.0,0.305555556,0.035175879,0.0,0.0,0.09,0.0,0.054054054,0.040909091,0.053191489,0.0,0.0,0.098113208
0.0,0.037037037,0.244680851,0.0,0.0,0.050505051,0.054054054,0.0,0.142857143,0.215189873,0.0,0.0,0.0,0.0,0.04587156,0.0,0.0,0.191489362,0.0,0.0,0.0,0.0,0.0,0.036082474,0.0,0.252173913,0.213438735,0.213438735,0.0,0.0,0.0,0.0,0.0,0.138888889,0.0,0.0,0.0,0.0,0.472222222,0.0,0.086021505,0.252173913,0.0,0.0,0.102439024,0.0,0.0,0.0,0.048076923,0.049019608,0.0,0.054945055,0.0,0.168949772,0.0,0.034482759,0.034482759,0.0,0.126126126,0.077669903,0.107843137,0.073394495,0.094017094,0.2,0.0,0.0,0.0,0.095022624,0.0,0.0,0.037037037,0.0,0.0,0.032258065,0.0,0.0,0.0,0.069230769,0.0,0.0,0.0,0.0,0.0,0.205020921,0.205020921,0.0,0.0,0.0,0.0,0.0,0.0,0.0,0.0,0.055555556,0.0,0.0,0.156779661,0.0,0.113636364,0.0,0.305555556,0.035175879,0.0,0.0,0.09,0.0,0.054054054,0.040909091,0.053191489,0.0,0.0,0.098113208
0.0,0.142026452,0.184015148,0.0,0.0,0.163074998,0.0,0.0,0.0,0.479833079,0.0,0.0,0.0,0.0,0.163074998,0.032258637,0.0,0.302808285,0.0,0.222127095,0.0,0.0,0.0,0.142026452,0.0,0.0,0.193613418,0.0,0.0,0.0,0.0,0.0,0.0,0.372579866,0.0,0.0,0.0,0.0,0.23822486,0.054521373,0.132409048,0.0,0.0,0.0,0.372579866,0.0,0.0,0.0,0.163074998,0.193613418,0.0,0.0,0.0,0.163074998,0.0,0.23822486,0.193613418,0.0,0.23822486,0.0,0.243677156,0.243677156,0.23822486,0.475531084,0.0,0.0,0.025084784,0.0,0.0,0.0,0.0,0.0,0.0,0.0,0.372579866,0.0,0.0,0.0,0.0,0.12745019,0.0,0.0,0.0,0.0,0.0,0.0,0.193613418,0.041172339,0.07496322,0.032258637,0.304051121,0.0,0.193613418,0.0,0.107359913,0.23822486,0.0,0.0,0.142026452,0.0,0.475531084,0.12745019,0.0,0.302808285,0.0,0.054521373,0.304051121,0.23822486,0.063671527,0.163074998,0.0,0.23822486
0.0,0.0,0.0,0.0,0.0,0.0,0.0,0.0,0.172413793,0.0,0.0,0.0,0.0,0.0,0.0,0.0,0.0,0.0,0.0,0.0,0.0,0.0,0.0,0.0,0.0,0.0,0.0,0.0,0.0,0.0,0.0,0.0,0.0,0.0,0.0,0.0,0.0,0.0,0.0,0.0,0.0,0.0,0.0,0.0,0.0,0.0,0.0,0.0,0.0,0.23822486,0.0,0.0,0.0,0.0,0.0,0.0,0.23822486,0.0,0.0,0.035294118,0.0,0.0,0.284037401,0.549999175,0.0,0.0,0.0,0.0,0.0,0.0,0.0,0.0,0.0,0.0,0.0,0.0,0.0,0.0,0.0,0.0,0.0,0.0,0.0,0.0,0.0,0.0,0.0,0.0,0.0,0.0,0.0,0.0,0.0,0.0,0.0,0.284037401,0.0,0.0,0.0,0.0,0.0,0.0,0.0,0.0,0.0,0.0,0.0,0.284037401,0.0,0.0,0.0,0.0
0.271481054,0.24904353,0.255398362,0.0,0.041172339,0.271481054,0.421998728,0.421998728,0.172413793,0.573196756,0.0,0.0,0.351665478,0.389500093,0.271481054,0.047619921,0.271481054,0.475531084,0.424592019,0.389500093,0.0,0.0,0.316582915,0.24904353,0.0,0.475531084,0.304051121,0.055299539,0.0,0.0,0.305555556,0.305555556,0.475531084,0.549999175,0.0,0.833333028,0.21283189,0.319248128,0.351665478,0.071429946,0.173472727,0.18556701,0.475531084,0.0,0.549999175,0.071429946,0.351665478,0.304051121,0.271481054,0.304051121,0.659999252,0.082191781,0.082191781,0.271481054,0.0,0.351665478,0.304051121,0.271481054,0.351665478,0.035294118,0.319248128,0.319248128,0.351665478,0.659999252,0.271481054,0.421998728,0.036757459,0.048648649,0.549999175,0.304051121,0.019607843,0.304051121,0.304051121,0.053333333,0.549999175,0.041172339,0.304051121,0.351665478,0.24904353,0.233510809,0.304051121,0.421998728,0.271481054,0.304051121,0.304051121,0.047619921,0.304051121,0.057143926,0.093360272,0.047619921,0.421998728,0.351665478,0.304051121,0.066666667,0.128249503,0.351665478,0.045,0.304051121,0.24904353,0.0,1.0,0.233510809,0.0,0.475531084,0.351665478,0.071429946,0.421998728,0.351665478,0.099989966,0.271481054,0.0,0.351665478
0.0,0.18526914,0.21283189,0.0,0.0,0.206873557,0.0,0.0,0.0,0.517415251,0.0,0.0,0.0,0.0,0.206873557,0.03846223,0.0,0.372579866,0.0,0.289757968,0.0,0.0,0.0,0.18526914,0.0,0.0,0.23822486,0.0,0.0,0.0,0.0,0.0,0.372579866,0.444229946,0.0,0.0,0.0,0.0,0.284037401,0.061343273,0.14897652,0.0,0.0,0.0,0.444229946,0.061343273,0.0,0.0,0.206873557,0.23822486,0.0,0.0,0.0,0.206873557,0.0,0.284037401,0.23822486,0.0,0.284037401,0.0,0.274166874,0.274166874,0.284037401,0.549999175,0.0,0.0,0.029819518,0.0,0.0,0.0,0.0,0.0,0.0,0.0,0.444229946,0.0,0.0,0.0,0.0,0.170310041,0.0,0.0,0.0,0.0,0.0,0.0,0.23822486,0.047619921,0.082379097,0.03846223,0.351665478,0.0,0.23822486,0.0,0.115768709,0.284037401,0.0,0.0,0.18526914,0.0,0.833333028,0.170310041,0.0,0.372579866,0.0,0.061343273,0.351665478,0.284037401,0.078342404,0.206873557,0.0,0.284037401
0.125202196,0.112126961,0.351665478,0.0,0.032258637,0.125202196,0.21283189,0.0,0.056105611,0.517415251,0.0,0.0,0.17190262,0.112126961,0.125202196,0.03846223,0.125202196,0.144176356,0.0,0.112126961,0.0,0.0,0.0,0.112126961,0.0,0.144176356,0.144176356,0.089974293,0.0,0.0,0.059431525,0.059431525,0.144176356,0.17190262,0.0,0.17190262,0.0,0.708500752,0.17190262,0.061343273,0.14897652,0.067055394,0.0,0.0,0.17190262,0.061343273,0.0,0.0,0.125202196,0.144176356,0.21283189,0.047619921,0.0,0.125202196,0.0,0.17190262,0.144176356,0.125202196,0.17190262,0.091525424,0.708500752,0.453010236,0.173789174,0.21283189,0.0,0.0,0.029819518,0.009230769,0.17190262,0.17037037,0.034482759,0.144176356,0.144176356,0.0,0.17190262,0.0,0.0,0.17190262,0.112126961,0.103073547,0.0,0.0,0.125202196,0.144176356,0.144176356,0.0,0.144176356,0.047619921,0.082379097,0.03846223,0.21283189,0.0,0.144176356,0.015873016,0.115768709,0.17190262,0.05915493,0.144176356,0.279805353,0.0,0.21283189,0.103073547,0.0,0.144176356,0.17190262,0.061343273,0.21283189,0.17190262,0.078342404,0.125202196,0.0,0.17190262
0.222834703,0.208482801,0.527498701,0.0,0.054521373,0.222834703,0.319248128,0.0,0.061728395,0.657472144,0.0,0.0,0.274166874,0.208482801,0.222834703,0.061343273,0.222834703,0.243677156,0.0,0.208482801,0.0,0.0,0.0,0.208482801,0.0,0.243677156,0.243677156,0.136585366,0.0,0.0,0.107843137,0.107843137,0.243677156,0.274166874,0.0,0.274166874,0.0,0.0,0.274166874,0.086581804,0.210270095,0.120879121,0.0,0.0,0.274166874,0.086581804,0.0,0.0,0.222834703,0.243677156,0.319248128,0.071429946,0.0,0.222834703,0.0,0.274166874,0.243677156,0.222834703,0.274166874,0.113924051,1.0,0.639392737,0.274166874,0.319248128,0.0,0.0,0.047041171,0.01734104,0.274166874,0.395189003,0.063829787,0.243677156,0.243677156,0.0,0.274166874,0.0,0.0,0.274166874,0.208482801,0.198550565,0.0,0.0,0.222834703,0.243677156,0.243677156,0.0,0.243677156,0.071429946,0.109892388,0.061343273,0.319248128,0.0,0.243677156,0.023809524,0.14710564,0.274166874,0.111702128,0.243677156,0.425925926,0.0,0.319248128,0.198550565,0.0,0.243677156,0.274166874,0.086581804,0.319248128,0.274166874,0.132409048,0.222834703,0.0,0.274166874
0.0,0.0,0.0,0.0,0.0,0.206873557,0.0,0.0,0.206896552,0.0,0.0,0.0,0.0,0.0,0.0,0.0,0.0,0.0,0.0,0.18526914,0.0,0.0,0.0,0.0,0.0,0.0,0.0,0.0,0.0,0.0,0.0,0.0,0.0,0.284037401,0.0,0.0,0.0,0.0,0.0,0.0,0.0,0.0,0.0,0.0,0.0,0.0,0.0,0.0,0.0,0.23822486,0.0,0.0,0.0,0.0,0.0,0.0,0.23822486,0.0,0.0,0.105882353,0.274166874,0.0,0.284037401,0.351665478,0.0,0.0,0.0,0.0,0.0,0.0,0.0,0.0,0.0,0.0,0.0,0.0,0.0,0.0,0.0,0.0,0.0,0.0,0.0,0.0,0.0,0.0,0.0,0.0,0.0,0.0,0.0,0.0,0.23822486,0.1,0.115768709,0.284037401,0.0,0.0,0.0,0.0,0.351665478,0.0,0.0,0.0,0.0,0.0,0.351665478,0.284037401,0.0,0.0,0.0,0.0
0.0,0.0,0.071429946,0.0,0.0,0.049857993,0.0,0.0,0.0,0.0,0.0,0.0,0.0,0.0,0.0,0.0,0.0,0.0,0.0,0.046646837,0.0,0.0,0.0,0.0,0.0,0.0,0.0,0.0,0.0,0.0,0.0,0.0,0.0,0.061343273,0.0,0.0,0.0,0.0,0.061343273,0.0,0.0,0.0,0.0,0.0,0.0,0.0,0.0,0.0,0.0,0.054521373,0.0,0.0,0.0,0.0,0.0,0.061343273,0.054521373,0.0,0.0,0.0,0.086581804,0.0,0.061343273,0.071429946,0.0,0.0,0.0,0.0,0.0,0.0,0.0,0.0,0.0,0.0,0.0,0.0,0.0,0.0,0.0,0.0,0.0,0.0,0.0,0.0,0.0,0.0,0.0,0.0,0.0,0.0,0.0,0.0,0.054521373,0.0,0.14710564,0.061343273,0.0,0.0,0.0,0.0,0.071429946,0.0,0.0,0.0,0.0,0.0,0.071429946,0.061343273,0.054521373,0.0,0.0,0.0
0.0,0.12195122,0.173472727,0.0,0.0,0.136363636,0.0,0.0,0.083333333,0.391304348,0.0,0.0,0.0,0.0,0.121083697,0.061343273,0.0,0.132409048,0.0,0.113285175,0.0,0.0,0.0,0.0,0.0,0.0,0.0,0.096256684,0.0,0.0,0.0,0.0,0.0,0.14897652,0.0,0.0,0.0,0.0,0.14897652,0.086581804,0.0,0.097560976,0.0,0.0,0.14897652,0.0,0.0,0.0,0.126760563,0.132409048,0.0,0.0,0.0,0.121083697,0.0,0.14897652,0.132409048,0.0,0.0,0.171428571,0.210270095,0.210270095,0.333333333,0.173472727,0.0,0.0,0.047041171,0.0,0.0,0.0,0.0,0.0,0.0,0.0,0.0,0.0,0.0,0.0,0.0,0.107888206,0.0,0.0,0.0,0.0,0.0,0.0,0.132409048,0.071429946,0.109892388,0.061343273,0.173472727,0.0,0.132409048,0.04,0.14710564,0.14897652,0.0,0.0,0.0,0.0,0.173472727,0.112781955,0.0,0.132409048,0.0,0.086581804,0.173472727,0.14897652,0.243677156,0.121083697,0.0,0.14897652
0.0,0.041916168,0.56626506,0.0,0.0,0.056818182,0.0,0.0,0.159574468,0.25,0.0,0.0,0.0,0.0,0.0,0.0,0.0,0.0,0.0,0.0,0.0,0.0,0.0,0.0,0.0,0.0,0.0,0.0,0.0,0.0,0.0,0.0,0.0,0.18556701,0.0,0.0,0.0,0.0,0.237113402,0.0,0.0,0.0,0.0,0.0,0.0,0.0,0.0,0.0,0.0,0.054945055,0.0,0.0,0.0,0.0,0.0,0.038848921,0.038848921,0.0,0.0,0.086956522,0.120879121,0.0,0.103773585,0.095744681,0.0,0.0,0.0,0.0,0.0,0.0,0.0,0.0,0.0,0.0,0.0,0.0,0.0,0.0,0.0,0.0,0.0,0.0,0.0,0.0,0.0,0.0,0.0,0.0,0.0,0.0,0.0,0.0,0.0,0.06185567,0.0,0.0,0.0,0.0,0.0,0.0,0.18556701,0.0,0.0,0.0,0.0,0.0,0.06,0.045454545,0.060240964,0.0,0.0,0.0
0.163074998,0.142026452,0.56626506,0.0,0.026217688,0.163074998,0.304051121,0.304051121,0.159574468,0.479833079,0.0,0.0,0.23822486,0.377245509,0.163074998,0.032258637,0.322429907,0.302808285,0.255046685,0.222127095,0.0,0.0,0.126760563,0.142026452,0.0,1.0,0.233766234,0.233766234,0.0,0.0,0.252173913,0.252173913,0.302808285,0.372579866,0.0,0.372579866,0.144176356,0.243677156,0.23822486,0.054521373,0.132409048,1.0,0.0,0.0,0.372579866,0.054521373,0.23822486,0.193613418,0.163074998,0.193613418,0.720502458,0.225,0.0,0.350253807,0.0,0.23822486,0.193613418,0.163074998,0.23822486,0.086956522,0.243677156,0.243677156,0.23822486,0.475531084,0.163074998,0.304051121,0.025084784,0.045226131,0.372579866,0.193613418,0.041916168,0.193613418,0.193613418,0.146341463,0.372579866,0.026217688,0.193613418,0.23822486,0.142026452,0.12745019,0.0,0.304051121,0.362068966,0.262672811,0.262672811,0.032258637,0.193613418,0.041172339,0.07496322,0.032258637,0.304051121,0.23822486,0.193613418,0.06185567,0.107359913,0.23822486,0.322429907,0.322429907,0.142026452,0.0,0.475531084,0.12745019,0.0,0.302808285,0.23822486,0.054521373,0.304051121,0.23822486,0.063671527,0.163074998,0.0,0.23822486
0.0,0.0,0.0,0.0,0.0,0.0,0.0,0.0,0.0,0.0,0.0,0.0,0.0,0.0,0.0,0.0,0.0,0.0,0.0,0.0,0.0,0.0,0.0,0.0,0.0,0.0,0.0,0.0,0.26,0.0,0.0,0.0,0.0,0.0,0.0,0.0,0.0,0.0,0.0,0.0,0.0,0.0,0.0,0.0,0.0,0.0,0.0,0.0,0.0,0.0,0.0,0.0,0.0,0.0,0.0,0.0,0.0,0.0,0.0,0.0,0.0,0.0,0.0,0.0,0.0,0.0,0.0,0.0,0.0,0.0,0.0,0.0,0.0,0.0,0.0,0.0,0.0,0.0,0.0,0.0,0.0,0.0,0.0,0.0,0.0,0.0,0.0,0.0,0.0,0.0,0.0,0.0,0.0,0.0,0.0,0.0,0.0,0.0,0.0,0.0,0.0,0.0,0.0,0.0,0.0,0.0,0.0,0.0,0.0,0.0,0.0,0.0
0.0,0.18526914,0.21283189,0.0,0.0,0.206873557,0.0,0.0,0.165644172,0.517415251,0.0,0.0,0.0,0.0,0.0,0.0,0.0,0.0,0.0,0.289757968,0.0,0.0,0.0,0.0,0.0,0.0,0.0,0.0,0.0,0.0,0.0,0.0,0.0,0.444229946,0.0,0.0,0.0,0.0,0.284037401,0.061343273,0.0,0.049180328,0.0,0.0,0.0,0.0,0.0,0.0,0.0,0.23822486,0.0,0.0,0.0,0.0,0.0,0.284037401,0.23822486,0.0,0.0,0.031446541,0.274166874,0.0,0.284037401,0.549999175,0.0,0.0,0.0,0.0,0.0,0.0,0.0,0.0,0.0,0.0,0.0,0.0,0.0,0.0,0.0,0.0,0.0,0.0,0.0,0.0,0.0,0.0,0.0,0.0,0.082379097,0.0,0.0,0.0,0.23822486,0.053254438,0.115768709,0.284037401,0.0,0.0,0.0,0.0,0.549999175,0.0,0.0,0.0,0.0,0.061343273,0.351665478,0.284037401,0.078342404,0.0,0.0,0.0
0.0,0.046646837,0.071429946,0.0,0.0,0.049857993,0.0,0.0,0.0,0.14710564,0.085714286,0.0,0.0,0.0,0.049857993,0.14897652,0.0,0.054521373,0.0,0.046646837,0.0,0.0,0.0,0.046646837,0.0,0.0,0.054521373,0.0,0.0,0.0,0.0,0.0,0.054521373,0.061343273,0.0,0.0,0.0,0.0,0.061343273,0.386967654,0.086581804,0.0,0.0,0.0,0.061343273,0.0,0.0,0.0,0.049857993,0.054521373,0.0,0.0,0.0,0.049857993,0.0,0.061343273,0.054521373,0.0,0.061343273,0.0,0.086581804,0.086581804,0.061343273,0.071429946,0.0,0.0,0.114242844,0.0,0.0,0.0,0.0,0.0,0.0,0.0,0.061343273,0.0,0.0,0.0,0.0,0.044424556,0.0,0.0,0.0,0.0,0.0,0.0,0.054521373,0.173472727,0.109892388,0.453010236,0.071429946,0.0,0.054521373,0.0,0.14710564,0.061343273,0.0,0.0,0.046646837,0.0,0.071429946,0.044424556,0.0,0.054521373,0.0,0.086581804,0.071429946,0.061343273,0.054521373,0.049857993,0.0,0.061343273
0.206873557,0.18526914,0.21283189,0.0,0.032258637,0.206873557,0.351665478,0.0,0.154639175,0.517415251,0.0,0.0,0.284037401,0.18526914,0.206873557,0.070588235,0.206873557,0.23822486,0.0,0.18526914,0.0,0.0,0.0,0.18526914,0.0,0.23822486,0.23822486,0.050632911,0.0,0.0,0.118644068,0.118644068,0.23822486,0.284037401,0.0,0.284037401,0.17190262,0.274166874,0.284037401,0.061343273,0.14897652,0.056074766,0.0,0.0,0.301587302,0.061343273,0.0,0.838709477,0.206873557,0.23822486,0.351665478,0.047619921,0.0,0.32354693,0.0,0.444229946,0.372579866,0.32354693,0.284037401,0.031578947,0.274166874,0.274166874,0.284037401,0.351665478,0.0,0.0,0.029819518,0.27804878,0.284037401,0.23822486,0.01734104,0.372579866,0.372579866,0.0,0.284037401,0.0,0.0,0.284037401,0.18526914,0.170310041,0.0,0.0,0.206873557,0.23822486,0.23822486,0.0,0.23822486,0.087912088,0.082379097,0.03846223,0.351665478,0.0,0.23822486,0.06,0.115768709,0.284037401,0.040909091,0.23822486,0.18526914,0.0,0.351665478,0.170310041,0.0,0.23822486,0.284037401,0.061343273,0.351665478,0.284037401,0.078342404,0.206873557,0.0,0.284037401
0.163074998,0.142026452,0.184015148,0.0,0.026217688,0.163074998,0.304051121,0.0,0.0,0.479833079,0.0,0.0,0.23822486,0.142026452,0.163074998,0.032258637,0.163074998,0.193613418,0.0,0.142026452,0.0,0.0,0.0,0.142026452,0.0,0.193613418,0.193613418,0.0,0.0,0.0,0.0,0.0,0.193613418,0.23822486,0.0,0.23822486,0.144176356,0.243677156,0.23822486,0.054521373,0.132409048,0.0,0.0,0.0,0.23822486,0.054521373,0.0,0.0,0.163074998,0.193613418,0.304051121,0.041172339,0.0,0.255046685,0.0,0.372579866,0.302808285,0.255046685,0.23822486,0.0,0.243677156,0.243677156,0.23822486,0.304051121,0.0,0.0,0.025084784,0.0,0.23822486,0.193613418,0.0,0.302808285,0.302808285,0.0,0.23822486,0.0,0.0,0.23822486,0.142026452,0.12745019,0.0,0.0,0.163074998,0.193613418,0.193613418,0.0,0.193613418,0.041172339,0.07496322,0.032258637,0.304051121,0.0,0.193613418,0.0,0.107359913,0.23822486,0.0,0.193613418,0.142026452,0.0,0.304051121,0.12745019,0.0,0.193613418,0.23822486,0.054521373,0.304051121,0.23822486,0.063671527,0.163074998,0.0,0.23822486
0.0,0.395774731,0.164303377,0.0,0.0,0.315372824,0.0,0.0,0.060240964,0.454209032,0.0,0.0,0.0,0.0,0.468554247,0.028013277,0.0,0.163074998,0.0,0.112414826,0.0,0.0,0.0,0.0,0.298245614,0.0,0.0,0.057416268,0.0,0.0,0.0,0.0,0.0,0.206873557,0.0,0.0,0.0,0.0,0.206873557,0.049857993,0.0,0.053763441,0.0,0.0,0.206873557,0.0,0.0,0.0,0.0,0.163074998,0.0,0.0,0.0,0.133086931,0.0,0.206873557,0.163074998,0.0,0.0,0.358024691,0.222834703,0.222834703,0.206873557,0.271481054,0.0,0.0,0.0,0.0,0.0,0.0,0.0,0.0,0.0,0.0,0.0,0.0,0.0,0.0,0.0,0.098097872,0.0,0.0,0.0,0.0,0.0,0.0,0.0,0.0,0.069898901,0.028013277,0.271481054,0.0,0.163074998,0.023255814,0.101626678,0.206873557,0.0,0.0,0.0,0.0,0.271481054,0.506668767,0.0,0.163074998,0.0,0.049857993,0.271481054,0.206873557,0.083333333,0.133086931,0.0,0.206873557
0.0,0.0,0.0,0.0,0.0,0.0,0.0,0.0,0.061728395,0.0,0.0,0.0,0.0,0.0,0.0,0.0,0.0,0.0,0.0,0.0,0.0,0.0,0.0,0.0,0.0,0.0,0.0,0.0,0.0,0.0,0.0,0.0,0.0,0.0,0.0,0.0,0.0,0.0,0.0,0.0,0.0,0.0,0.0,0.0,0.0,0.0,0.0,0.0,0.0,0.0,0.0,0.0,0.0,0.0,0.0,0.0,0.193613418,0.0,0.0,0.113924051,0.0,0.0,0.23822486,0.304051121,0.0,0.0,0.0,0.0,0.0,0.0,0.0,0.0,0.0,0.0,0.0,0.0,0.0,0.0,0.0,0.0,0.0,0.0,0.0,0.0,0.0,0.0,0.0,0.0,0.0,0.0,0.0,0.0,0.0,0.0,0.0,0.23822486,0.0,0.0,0.0,0.0,0.0,0.0,0.0,0.0,0.0,0.0,0.0,0.23822486,0.0,0.0,0.0,0.0
0.271481054,0.24904353,0.255398362,0.0,0.041172339,0.271481054,0.421998728,0.0,0.214285714,0.573196756,0.0,0.0,0.351665478,0.389500093,0.271481054,0.047619921,0.271481054,0.475531084,0.0,0.389500093,0.0,0.0,0.0,0.24904353,0.0,0.720502458,0.304051121,0.085308057,0.0,0.0,0.228571429,0.228571429,0.475531084,0.549999175,0.0,0.549999175,0.0,0.0,0.351665478,0.071429946,0.173472727,0.670212766,0.0,0.0,0.549999175,0.071429946,0.0,0.0,0.271481054,0.304051121,0.0,0.342857143,0.0,0.271481054,0.0,0.351665478,0.304051121,0.271481054,0.351665478,0.048780488,0.319248128,0.319248128,0.351665478,0.659999252,0.0,0.0,0.036757459,0.083798883,0.549999175,0.304051121,0.034013605,0.304051121,0.304051121,0.25,0.549999175,0.0,0.0,0.351665478,0.24904353,0.233510809,0.0,0.0,0.0,0.304051121,0.304051121,0.0,0.304051121,0.057143926,0.093360272,0.047619921,0.421998728,0.0,0.304051121,0.103448276,0.128249503,0.351665478,0.077319588,0.304051121,0.24904353,0.0,0.659999252,0.233510809,0.0,0.475531084,0.351665478,0.071429946,0.421998728,0.351665478,0.099989966,0.271481054,0.0,0.351665478
0.0,0.033723621,0.057143926,0.0,0.099989966,0.036761943,0.057143926,0.0,0.0,0.128249503,0.0,0.0,0.0,0.0,0.036761943,0.115648379,0.0,0.060606061,0.0,0.033723621,0.0,0.0,0.0,0.033723621,0.0,0.225,0.041172339,0.0,0.0,0.0,0.0,0.0,0.041172339,0.082191781,0.0,0.047619921,0.0,0.0,0.047619921,0.173472727,0.071429946,0.225,0.0,0.0,0.047619921,0.173472727,0.0,0.0,0.036761943,0.041172339,0.0,0.0,0.0,0.036761943,0.0,0.047619921,0.041172339,0.0,0.047619921,0.0,0.071429946,0.071429946,0.047619921,0.057143926,0.0,0.0,0.089268115,0.0,0.0,0.0,0.0,0.0,0.0,0.310344828,0.047619921,0.0,0.0,0.047619921,0.0,0.031620295,0.0,0.0,0.0,0.041172339,0.041172339,0.0,0.041172339,0.138778105,0.093360272,0.115648379,0.057143926,0.0,0.041172339,0.0,0.128249503,0.047619921,0.0,0.0,0.033723621,0.0,0.082191781,0.031620295,0.0,0.041172339,0.047619921,0.071429946,0.057143926,0.047619921,0.041172339,0.036761943,0.0,0.047619921
0.0,0.0,0.0,0.0,0.0,0.0,0.0,0.0,0.0,0.0,0.0,0.0,0.0,0.0,0.0,0.0,0.0,0.060606061,0.066914498,0.0,0.0,0.0,0.060606061,0.0,0.0,0.225,0.0,0.0,0.0,0.0,0.054945055,0.054945055,0.0,0.082191781,0.0,0.0,0.0,0.0,0.0,0.0,0.0,0.225,0.225,0.0,0.0,0.0,0.0,0.0,0.0,0.0,0.342857143,1.0,0.0,0.0,0.0,0.0,0.0,0.0,0.0,0.0,0.0,0.0,0.0,0.0,0.0,0.0,0.0,0.0,0.0,0.0,0.0,0.0,0.0,0.310344828,0.0,0.0,0.0,0.0,0.0,0.0,0.0,0.097560976,0.065217391,0.0,0.0,0.0,0.0,0.0,0.0,0.0,0.0,0.0,0.0,0.0,0.0,0.0,0.0,0.0,0.0,0.0,0.082191781,0.0,0.0,0.0,0.0,0.0,0.0,0.0,0.0,0.0,0.0,0.0
0.0,0.112414826,0.6,0.0,0.0,0.133086931,0.0,0.0,0.152542373,0.454209032,0.0,0.0,0.0,0.0,0.133086931,0.0,0.0,0.163074998,0.0,0.112414826,0.0,0.0,0.0,0.0,0.0,0.0,0.0,0.0,0.0,0.0,0.0,0.0,0.0,0.206873557,0.0,0.0,0.0,0.0,0.234972678,0.049857993,0.0,0.350253807,0.0,0.0,0.206873557,0.0,0.0,0.0,0.0,0.163074998,0.0,0.0,0.0,0.0,0.0,0.7283321,0.57413213,0.0,0.0,0.086705202,0.222834703,0.0,0.206873557,0.271481054,0.0,0.0,0.0,0.0,0.0,0.0,0.0,0.0,0.0,0.0,0.0,0.0,0.0,0.0,0.0,0.098097872,0.0,0.0,0.0,0.0,0.0,0.0,0.0,0.0,0.069898901,0.0,0.271481054,0.0,0.163074998,0.049180328,0.101626678,0.206873557,0.0,0.0,0.0,0.0,0.271481054,0.098097872,0.0,0.0,0.0,0.049857993,0.271481054,0.206873557,0.058064516,0.133086931,0.0,0.206873557
0.271481054,0.24904353,0.255398362,0.047619921,0.041172339,0.271481054,0.421998728,0.421998728,0.176470588,0.573196756,0.0,0.013888889,0.351665478,0.24904353,0.271481054,0.246575342,0.271481054,0.304051121,0.271481054,0.24904353,0.271481054,0.0,0.046153846,0.24904353,0.0,0.304051121,0.304051121,0.056338028,0.0,0.421998728,0.056603774,0.056603774,0.304051121,0.351665478,0.421998728,0.351665478,0.21283189,0.319248128,0.351665478,0.071429946,0.173472727,0.063157895,0.304051121,0.0,0.351665478,0.071429946,0.549999175,0.475531084,0.271481054,0.304051121,0.421998728,0.057143926,0.0,0.643321971,0.0,0.833333028,0.720502458,0.643321971,0.351665478,0.036144578,0.319248128,0.319248128,0.351665478,0.421998728,0.271481054,0.421998728,0.036757459,0.049723757,0.351665478,0.304051121,0.020134228,0.720502458,0.720502458,0.0,0.351665478,0.041172339,0.304051121,0.351665478,0.24904353,0.233510809,0.304051121,0.421998728,0.271481054,0.304051121,0.304051121,0.047619921,0.304051121,0.303797468,0.093360272,0.047619921,0.421998728,0.351665478,0.304051121,0.068181818,0.128249503,0.351665478,0.045918367,0.304051121,0.24904353,0.041172339,0.421998728,0.233510809,0.421998728,0.304051121,0.351665478,0.071429946,0.421998728,0.351665478,0.099989966,0.271481054,0.0,0.351665478
0.0,0.0,0.0,0.0,0.0,0.206873557,0.0,0.0,0.16097561,0.0,0.0,0.0,0.0,0.0,0.0,0.0,0.0,0.0,0.0,0.18526914,0.0,0.0,0.0,0.0,0.0,0.0,0.0,0.0,0.0,0.0,0.0,0.0,0.0,0.284037401,0.0,0.0,0.0,0.0,0.284037401,0.0,0.0,0.0,0.0,0.0,0.0,0.0,0.0,0.0,0.0,0.23822486,0.0,0.0,0.0,0.0,0.0,0.0,1.0,0.0,0.0,0.028380634,0.274166874,0.0,0.284037401,0.351665478,0.0,0.0,0.0,0.0,0.0,0.0,0.0,0.0,0.0,0.0,0.0,0.0,0.0,0.0,0.0,0.0,0.0,0.0,0.0,0.0,0.0,0.0,0.0,0.0,0.0,0.0,0.0,0.0,0.23822486,0.042253521,0.115768709,0.284037401,0.0,0.0,0.0,0.0,0.351665478,0.0,0.0,0.0,0.0,0.0,0.351665478,0.284037401,0.0,0.0,0.0,0.0
0.0,0.0,0.0,0.0,0.0,0.0,0.0,0.0,0.16097561,0.0,0.0,0.0,0.0,0.0,0.0,0.0,0.0,0.0,0.0,0.0,0.0,0.0,0.0,0.0,0.0,0.0,0.0,0.0,0.0,0.0,0.0,0.0,0.0,0.0,0.0,0.0,0.0,0.0,0.0,0.0,0.0,0.0,0.0,0.0,0.0,0.0,0.0,0.0,0.0,0.0,0.0,0.0,0.0,0.0,0.0,0.0,0.0,0.0,0.0,0.028380634,0.0,0.0,0.0,0.304051121,0.0,0.0,0.0,0.0,0.0,0.0,0.0,0.0,0.0,0.0,0.0,0.0,0.0,0.0,0.0,0.0,0.0,0.0,0.0,0.0,0.0,0.0,0.0,0.0,0.0,0.0,0.0,0.0,0.0,0.0,0.0,0.0,0.0,0.0,0.0,0.0,0.0,0.0,0.0,0.0,0.0,0.0,0.0,0.0,0.0,0.0,0.0,0.0
0.133086931,0.112414826,0.164303377,0.0,0.022082402,0.133086931,0.271481054,0.0,0.0,0.454209032,0.0,0.0,0.206873557,0.112414826,0.133086931,0.028013277,0.133086931,0.163074998,0.0,0.112414826,0.0,0.0,0.0,0.112414826,0.0,0.163074998,0.163074998,0.0,0.0,0.0,0.0,0.0,0.163074998,0.206873557,0.0,0.206873557,0.0,0.0,0.206873557,0.049857993,0.121083697,0.0,0.0,0.0,0.206873557,0.049857993,0.0,0.0,0.133086931,0.163074998,0.0,0.036761943,0.0,0.687384851,0.0,0.7283321,0.57413213,0.0,0.206873557,0.0,0.222834703,0.222834703,0.206873557,0.271481054,0.0,0.0,0.02182825,0.0,0.206873557,0.163074998,0.0,0.842271159,0.842271159,0.0,0.206873557,0.0,0.0,0.206873557,0.112414826,0.098097872,0.0,0.0,0.0,0.163074998,0.163074998,0.0,0.163074998,0.036761943,0.069898901,0.028013277,0.271481054,0.0,0.163074998,0.0,0.101626678,0.206873557,0.0,0.163074998,0.112414826,0.0,0.271481054,0.098097872,0.0,0.163074998,0.206873557,0.049857993,0.271481054,0.206873557,0.053628691,0.133086931,0.0,0.206873557
0.0,0.439027721,0.21283189,0.0,0.0,0.7283321,0.0,0.0,0.088888889,0.517415251,0.0,0.0,0.0,0.0,0.490223176,0.03846223,0.0,0.23822486,0.0,0.18526914,0.0,0.0,0.0,0.0,0.28125,0.0,0.0,0.134529148,0.0,0.0,0.0,0.0,0.0,0.284037401,0.0,0.0,0.0,0.0,0.284037401,0.061343273,0.230769231,0.14,0.0,0.0,0.284037401,0.0,0.0,0.0,0.505617978,0.23822486,0.0,0.0,0.0,0.206873557,0.0,0.284037401,0.23822486,0.0,0.0,0.818181818,0.274166874,0.274166874,0.284037401,0.351665478,0.0,0.0,0.042553191,0.0,0.0,0.0,0.0,0.0,0.0,0.0,0.0,0.0,0.0,0.0,0.0,0.170310041,0.0,0.0,0.0,0.0,0.0,0.0,0.23822486,0.047619921,0.082379097,0.03846223,0.351665478,0.0,0.23822486,0.053763441,0.115768709,0.284037401,0.0,0.0,0.0,0.0,0.351665478,0.455621302,0.0,0.23822486,0.0,0.061343273,0.351665478,0.284037401,0.189873418,0.206873557,0.0,0.284037401
0.0,0.0,0.0,0.0,0.0,0.0,0.0,0.0,0.073170732,0.0,0.0,0.0,0.0,0.0,0.0,0.0,0.0,0.0,0.0,0.0,0.0,0.0,0.0,0.0,0.0,0.0,0.0,0.0,0.0,0.0,0.0,0.0,0.0,0.0,0.0,0.0,0.0,0.0,0.0,0.0,0.0,0.0,0.0,0.0,0.0,0.0,0.0,0.0,0.0,0.0,0.0,0.0,0.0,0.0,0.0,0.0,0.0,0.0,0.0,0.0,0.0,0.0,0.0,0.0,0.0,0.0,0.0,0.0,0.0,0.0,0.0,0.0,0.0,0.0,0.0,0.0,0.0,0.0,0.0,0.0,0.0,0.0,0.0,0.0,0.0,0.0,0.0,0.0,0.0,0.0,0.0,0.0,0.0,0.0,0.0,0.0,0.0,0.0,0.0,0.0,0.0,0.0,0.0,0.0,0.0,0.0,0.0,0.0,0.0,0.0,0.0,0.0
0.0,0.0,0.0,0.0,0.0,0.0,0.0,0.0,0.061728395,0.0,0.0,0.0,0.0,0.0,0.0,0.0,0.0,0.0,0.0,0.208482801,0.0,0.0,0.0,0.0,0.0,0.0,0.0,0.0,0.0,0.0,0.0,0.0,0.0,0.274166874,0.0,0.0,0.0,0.0,0.0,0.0,0.0,0.0,0.0,0.0,0.0,0.0,0.0,0.0,0.0,0.243677156,0.0,0.0,0.0,0.0,0.0,0.0,0.243677156,0.0,0.0,0.113924051,0.0,0.0,0.274166874,0.319248128,0.0,0.0,0.0,0.0,0.0,0.0,0.0,0.0,0.0,0.0,0.0,0.0,0.0,0.0,0.0,0.0,0.0,0.0,0.0,0.0,0.0,0.0,0.0,0.0,0.0,0.0,0.0,0.0,0.0,0.0,0.0,0.274166874,0.0,0.0,0.0,0.0,0.319248128,0.0,0.0,0.0,0.0,0.0,0.319248128,0.274166874,0.0,0.0,0.0,0.0
0.0,0.208482801,0.527498701,0.0,0.0,0.222834703,0.0,0.0,0.068181818,0.657472144,0.0,0.0,0.0,0.0,0.222834703,0.061343273,0.0,0.243677156,0.0,0.208482801,0.0,0.0,0.0,0.0,0.0,0.0,0.0,0.082191781,0.0,0.0,0.0,0.0,0.0,0.274166874,0.0,0.0,0.0,0.0,0.274166874,0.086581804,0.0,0.081632653,0.0,0.0,0.274166874,0.0,0.0,0.0,0.0,0.243677156,0.0,0.0,0.0,0.222834703,0.0,0.274166874,0.243677156,0.0,0.0,0.139534884,0.639392737,0.0,0.274166874,0.319248128,0.0,0.0,0.0,0.0,0.0,0.0,0.0,0.0,0.0,0.0,0.0,0.0,0.0,0.0,0.0,0.198550565,0.0,0.0,0.0,0.0,0.0,0.0,0.0,0.0,0.109892388,0.061343273,0.319248128,0.0,0.243677156,0.032967033,0.14710564,0.274166874,0.0,0.0,0.0,0.0,0.319248128,0.198550565,0.0,0.0,0.0,0.086581804,0.319248128,0.274166874,0.132409048,0.222834703,0.0,0.274166874
0.0,0.0,0.0,0.0,0.0,0.0,0.0,0.0,0.15625,0.0,0.0,0.0,0.0,0.0,0.0,0.0,0.0,0.0,0.0,0.0,0.0,0.0,0.0,0.0,0.0,0.0,0.0,0.0,0.0,0.0,0.0,0.0,0.0,0.0,0.0,0.0,0.0,0.0,0.0,0.0,0.0,0.0,0.0,0.0,0.0,0.0,0.0,0.0,0.0,0.0,0.0,0.0,0.0,0.0,0.0,0.0,0.23822486,0.0,0.0,0.127659574,0.0,0.0,0.0,0.351665478,0.0,0.0,0.0,0.0,0.0,0.0,0.0,0.0,0.0,0.0,0.0,0.0,0.0,0.0,0.0,0.0,0.0,0.0,0.0,0.0,0.0,0.0,0.0,0.0,0.0,0.0,0.0,0.0,0.0,0.0,0.0,0.284037401,0.0,0.0,0.0,0.0,0.0,0.0,0.0,0.0,0.0,0.0,0.0,0.284037401,0.0,0.0,0.0,0.0
0.0,0.0,0.0,0.0,0.0,0.0,0.0,0.0,0.214285714,0.0,0.0,0.0,0.0,0.0,0.0,0.0,0.0,0.0,0.0,0.0,0.0,0.0,0.0,0.0,0.0,0.0,0.0,0.0,0.0,0.0,0.0,0.0,0.0,0.0,0.0,0.0,0.0,0.0,0.0,0.0,0.0,0.0,0.0,0.0,0.0,0.0,0.0,0.0,0.0,0.0,0.0,0.0,0.0,0.0,0.0,0.0,0.0,0.0,0.0,0.048780488,0.0,0.0,0.0,0.0,0.0,0.0,0.0,0.0,0.0,0.0,0.0,0.0,0.0,0.0,0.0,0.0,0.0,0.0,0.0,0.0,0.0,0.0,0.0,0.0,0.0,0.0,0.0,0.0,0.0,0.0,0.0,0.0,0.0,0.0,0.0,0.0,0.0,0.0,0.0,0.0,0.0,0.0,0.0,0.0,0.0,0.0,0.0,0.0,0.0,0.0,0.0,0.0
0.315372824,0.266386647,0.164303377,0.0,0.083333333,0.315372824,0.271481054,0.271481054,0.050420168,0.454209032,0.050420168,0.0,0.206873557,0.112414826,0.315372824,0.028013277,0.133086931,0.163074998,0.133086931,0.112414826,0.0,0.0,0.019011407,0.266386647,0.193548387,0.163074998,0.163074998,0.06405694,0.0,0.0,0.057142857,0.057142857,0.163074998,0.206873557,0.0,0.206873557,0.125202196,0.222834703,0.206873557,0.057142857,0.121083697,0.062015504,0.0,0.0,0.206873557,0.049857993,0.206873557,0.163074998,0.315372824,0.163074998,0.271481054,0.036761943,0.0,0.133086931,0.0,0.206873557,0.163074998,0.133086931,0.490223176,0.299145299,0.222834703,0.222834703,0.206873557,0.271481054,0.0,0.271481054,0.032520325,0.020080321,0.206873557,0.163074998,0.069124424,0.163074998,0.163074998,0.0,0.206873557,0.0,0.163074998,0.206873557,0.112414826,0.098097872,0.0,0.271481054,0.133086931,0.163074998,0.163074998,0.028013277,0.163074998,0.036761943,0.069898901,0.028013277,0.271481054,0.206873557,0.163074998,0.024590164,0.101626678,0.206873557,0.056818182,0.163074998,0.112414826,0.0,0.271481054,0.233480176,0.0,0.163074998,0.206873557,0.049857993,0.271481054,0.206873557,0.083333333,0.133086931,0.0,0.206873557
0.271481054,0.24904353,0.255398362,0.0,0.041172339,0.271481054,1.0,0.421998728,0.166666667,0.573196756,0.0,0.0,0.351665478,0.24904353,0.271481054,0.047619921,0.424592019,0.304051121,0.271481054,0.24904353,0.0,0.0,0.0,0.24904353,0.0,0.304051121,0.304051121,0.147982063,0.0,0.0,0.054054054,0.054054054,0.304051121,0.351665478,0.0,0.351665478,0.21283189,0.319248128,0.351665478,0.071429946,0.173472727,0.06,0.0,0.0,0.351665478,0.071429946,0.351665478,0.304051121,0.271481054,0.304051121,0.421998728,0.057143926,0.0,0.271481054,0.0,0.351665478,0.304051121,0.271481054,0.351665478,0.034090909,0.319248128,0.319248128,0.351665478,0.421998728,0.0,0.0,0.036757459,0.047120419,0.351665478,0.304051121,0.018867925,0.304051121,0.304051121,0.0,0.351665478,0.0,0.0,0.351665478,0.24904353,0.233510809,0.0,0.421998728,0.271481054,0.304051121,0.304051121,0.047619921,0.304051121,0.057143926,0.093360272,0.047619921,0.421998728,0.0,0.304051121,0.193548387,0.128249503,0.549999175,0.349514563,0.475531084,0.24904353,0.0,0.421998728,0.233510809,0.0,0.304051121,0.351665478,0.071429946,1.0,0.351665478,0.099989966,0.271481054,0.0,0.549999175
0.0,0.019576356,0.036757459,0.0,0.0,0.030487805,0.0,0.0,0.0,0.086536031,0.0,0.0,0.0,0.0,0.02182825,0.072418828,0.0,0.025084784,0.0,0.019576356,0.0,0.0,0.0,0.0,0.290322581,0.0,0.0,0.0,0.0,0.0,0.0,0.0,0.0,0.029819518,0.0,0.0,0.0,0.0,0.029819518,0.114242844,0.0,0.0,0.0,0.0,0.029819518,0.0,0.0,0.0,0.034482759,0.025084784,0.0,0.0,0.0,0.02182825,0.0,0.029819518,0.025084784,0.0,0.0,0.034883721,0.047041171,0.047041171,0.05,0.036757459,0.0,0.0,0.0,0.0,0.0,0.0,0.0,0.0,0.0,0.0,0.0,0.0,0.0,0.0,0.0,0.018013381,0.0,0.0,0.0,0.0,0.0,0.0,0.025084784,0.089268115,0.062546377,0.072418828,0.036757459,0.0,0.025084784,0.0,0.086536031,0.029819518,0.0,0.0,0.0,0.0,0.036757459,0.03030303,0.0,0.025084784,0.0,0.047041171,0.036757459,0.029819518,0.025084784,0.02182825,0.0,0.029819518
0.0,0.012658228,0.01910828,0.0,0.0,0.017964072,0.0,0.0,0.150837989,0.25984252,0.0,0.0,0.0,0.0,0.016042781,0.0,0.0,0.029411765,0.0,0.0,0.0,0.0,0.0,0.012269939,0.0,0.0,0.040540541,0.040540541,0.0,0.0,0.0,0.0,0.0,0.048648649,0.0,0.0,0.0,0.0,0.189189189,0.0,0.032258065,0.045226131,0.0,0.0,0.540229885,0.0,0.0,0.0,0.016949153,0.01734104,0.0,0.0,0.0,0.031914894,0.0,0.02276176,0.02276176,0.0,0.047120419,0.028571429,0.01734104,0.026737968,0.044334975,0.262569832,0.0,0.0,0.0,0.0,0.0,0.0,0.012658228,0.0,0.0,0.0,0.0,0.0,0.0,0.0,0.0,0.0,0.0,0.0,0.0,0.0,0.0,0.0,0.0,0.0,0.0,0.0,0.0,0.0,0.0,0.048648649,0.0,0.0,0.029268293,0.0,0.038626609,0.0,0.048648649,0.011904762,0.0,0.0,0.0,0.0,0.047120419,0.031746032,0.01910828,0.0,0.0,0.055555556
0.0,0.18526914,0.350877193,0.0,0.032258637,0.206873557,0.351665478,0.0,0.139896373,0.517415251,0.0,0.0,0.0,0.0,0.206873557,0.03846223,0.0,0.372579866,0.0,0.289757968,0.0,0.0,0.0,0.18526914,0.0,0.372579866,0.275423729,0.275423729,0.0,0.0,0.259574468,0.259574468,0.372579866,0.444229946,0.0,0.444229946,0.0,0.0,0.376884422,0.061343273,0.14897652,0.23943662,0.0,0.0,0.673076439,0.061343273,0.0,0.0,0.206873557,0.23822486,0.0,0.047619921,0.0,0.237623762,0.0,0.284037401,0.23822486,0.0,0.284037401,0.095238095,0.274166874,0.274166874,0.284037401,0.549999175,0.0,0.0,0.029819518,0.705882353,0.0,0.0,0.052325581,0.0,0.0,0.0,0.444229946,0.0,0.0,0.284037401,0.0,0.170310041,0.0,0.0,0.0,0.243243243,0.243243243,0.0,0.23822486,0.047619921,0.082379097,0.03846223,0.351665478,0.0,0.23822486,0.045226131,0.115768709,0.284037401,0.219178082,0.0,0.18526914,0.0,0.549999175,0.170310041,0.0,0.372579866,0.284037401,0.061343273,0.351665478,0.284037401,0.078342404,0.206873557,0.0,0.284037401
0.163074998,0.142026452,0.184015148,0.0,0.026217688,0.163074998,0.304051121,0.0,0.056105611,0.479833079,0.0,0.0,0.0,0.0,0.163074998,0.032258637,0.0,0.193613418,0.0,0.142026452,0.0,0.0,0.0,0.142026452,0.0,0.193613418,0.193613418,0.089974293,0.0,0.0,0.059431525,0.059431525,0.193613418,0.23822486,0.0,0.23822486,0.0,0.0,0.23822486,0.054521373,0.132409048,0.067055394,0.0,0.0,0.23822486,0.054521373,0.0,0.0,0.163074998,0.193613418,0.0,0.041172339,0.0,0.163074998,0.0,0.23822486,0.193613418,0.0,0.23822486,0.091525424,0.395189003,0.243677156,0.372579866,0.304051121,0.0,0.0,0.025084784,0.009230769,0.23822486,0.0,0.034482759,0.0,0.0,0.0,0.23822486,0.0,0.0,0.23822486,0.0,0.12745019,0.0,0.0,0.0,0.193613418,0.193613418,0.0,1.0,0.041172339,0.07496322,0.032258637,0.304051121,0.0,0.193613418,0.015873016,0.107359913,0.23822486,0.05915493,0.0,0.279805353,0.0,0.304051121,0.12745019,0.0,0.193613418,0.23822486,0.054521373,0.304051121,0.23822486,0.063671527,0.255046685,0.0,0.23822486
0.0,0.047619048,0.072,0.0,0.0,0.333333333,0.0,0.0,0.06122449,0.347368421,0.0,0.0,0.0,0.0,0.058064516,0.0,0.0,0.011627907,0.0,0.0,0.0,0.0,0.0,0.229007634,0.0,0.0,0.047368421,0.047368421,0.0,0.0,0.0,0.0,0.0,0.019607843,0.0,0.0,0.0,0.0,0.058823529,0.0,0.12195122,0.041916168,0.0,0.0,0.014084507,0.0,0.0,0.0,0.062068966,0.063829787,0.0,0.0,0.0,0.038461538,0.0,0.009416196,0.009416196,0.0,0.396226415,0.524475524,0.063829787,0.096774194,0.087719298,0.034013605,0.0,0.0,0.0,0.0,0.0,0.0,0.0,0.0,0.0,0.0,0.0,0.0,0.0,0.0,0.0,0.0,0.0,0.0,0.0,0.0,0.0,0.0,0.0,0.0,0.0,0.0,0.0,0.0,0.0,0.019607843,0.0,0.0,0.034682081,0.0,0.044776119,0.0,0.019607843,0.044117647,0.0,0.0,0.0,0.0,0.018867925,0.012738854,0.072,0.0,0.0,0.094059406
0.163074998,0.142026452,0.184015148,0.0,0.026217688,0.163074998,0.304051121,0.0,0.16097561,0.479833079,0.0,0.0,0.23822486,0.142026452,0.163074998,0.138728324,0.163074998,0.193613418,0.0,0.142026452,0.0,0.0,0.0,0.142026452,0.0,0.193613418,0.193613418,0.034307497,0.0,0.0,0.034482759,0.034482759,0.193613418,0.23822486,0.0,0.23822486,0.0,0.0,0.23822486,0.054521373,0.132409048,0.038848921,0.0,0.0,0.23822486,0.054521373,0.0,0.0,0.163074998,0.193613418,0.0,0.041172339,0.0,0.842271159,0.0,0.838709477,0.681647619,0.0,0.23822486,0.028380634,0.243677156,0.243677156,0.23822486,0.304051121,0.0,0.0,0.025084784,0.02276176,0.23822486,0.193613418,0.009416196,0.0,1.0,0.0,0.23822486,0.0,0.0,0.23822486,0.142026452,0.12745019,0.0,0.0,0.0,0.193613418,0.193613418,0.0,0.193613418,0.211640212,0.07496322,0.032258637,0.304051121,0.0,0.193613418,0.042253521,0.107359913,0.23822486,0.020862309,0.193613418,0.142026452,0.0,0.304051121,0.12745019,0.0,0.193613418,0.23822486,0.054521373,0.304051121,0.23822486,0.063671527,0.163074998,0.0,0.23822486
0.163074998,0.142026452,0.184015148,0.0,0.026217688,0.163074998,0.304051121,0.0,0.16097561,0.479833079,0.0,0.0,0.23822486,0.142026452,0.163074998,0.138728324,0.163074998,0.193613418,0.0,0.142026452,0.0,0.0,0.0,0.142026452,0.0,0.193613418,0.193613418,0.034307497,0.0,0.0,0.034482759,0.034482759,0.193613418,0.23822486,0.0,0.23822486,0.0,0.0,0.23822486,0.054521373,0.132409048,0.038848921,0.0,0.0,0.23822486,0.054521373,0.0,0.0,0.163074998,0.193613418,0.0,0.041172339,0.0,0.842271159,0.0,0.838709477,0.681647619,0.0,0.23822486,0.028380634,0.243677156,0.243677156,0.23822486,0.304051121,0.0,0.0,0.025084784,0.02276176,0.23822486,0.193613418,0.009416196,0.0,0.0,0.0,0.23822486,0.0,0.0,0.23822486,0.142026452,0.12745019,0.0,0.0,0.0,0.193613418,0.193613418,0.0,0.193613418,0.211640212,0.07496322,0.032258637,0.304051121,0.0,0.193613418,0.042253521,0.107359913,0.23822486,0.020862309,0.193613418,0.142026452,0.0,0.304051121,0.12745019,0.0,0.193613418,0.23822486,0.054521373,0.304051121,0.23822486,0.063671527,0.163074998,0.0,0.23822486
0.0,0.0,0.0,0.0,0.0,0.0,0.0,0.0,0.0,0.0,0.0,0.0,0.0,0.0,0.0,0.0,0.0,0.035502959,0.0,0.0,0.0,0.0,0.0,0.0,0.0,0.0,0.0,0.0,0.0,0.0,0.0,0.0,0.0,0.053333333,0.0,0.0,0.0,0.0,0.0,0.0,0.0,0.146341463,0.0,0.0,0.0,0.0,0.0,0.0,0.0,0.0,0.0,0.0,0.0,0.0,0.0,0.0,0.0,0.0,0.0,0.0,0.0,0.0,0.0,0.0,0.0,0.0,0.0,0.0,0.0,0.0,0.0,0.0,0.0,0.0,0.0,0.0,0.0,0.0,0.0,0.0,0.0,0.0,0.0,0.0,0.0,0.0,0.0,0.0,0.0,0.0,0.0,0.0,0.0,0.0,0.0,0.0,0.0,0.0,0.0,0.0,0.053333333,0.0,0.0,0.0,0.0,0.0,0.0,0.0,0.0,0.0,0.0,0.0
0.0,0.18526914,0.21283189,0.0,0.0,0.206873557,0.0,0.0,0.0,0.517415251,0.0,0.0,0.0,0.0,0.206873557,0.03846223,0.0,0.372579866,0.0,0.289757968,0.0,0.0,0.0,0.0,0.0,0.0,0.0,0.0,0.0,0.0,0.0,0.0,0.0,0.444229946,0.0,0.0,0.0,0.0,0.284037401,0.061343273,0.14897652,0.0,0.0,0.0,0.444229946,0.0,0.0,0.0,0.206873557,0.23822486,0.0,0.0,0.0,0.206873557,0.0,0.284037401,0.23822486,0.0,0.284037401,0.0,0.274166874,0.274166874,0.284037401,0.833333028,0.0,0.0,0.029819518,0.0,0.0,0.0,0.0,0.0,0.0,0.0,0.0,0.0,0.0,0.0,0.0,0.170310041,0.0,0.0,0.0,0.0,0.0,0.0,0.23822486,0.047619921,0.082379097,0.03846223,0.351665478,0.0,0.23822486,0.0,0.115768709,0.284037401,0.0,0.0,0.0,0.0,0.549999175,0.170310041,0.0,0.564515588,0.0,0.061343273,0.351665478,0.284037401,0.078342404,0.206873557,0.0,0.284037401
0.022082402,0.019232165,0.041172339,0.0,0.063671527,0.022082402,0.041172339,0.041172339,0.0,0.107359913,0.0,0.0,0.032258637,0.019232165,0.022082402,0.078342404,0.022082402,0.026217688,0.022082402,0.019232165,0.0,0.0,0.0,0.019232165,0.0,0.026217688,0.026217688,0.0,0.0,0.0,0.0,0.0,0.026217688,0.032258637,0.0,0.032258637,0.032258637,0.054521373,0.032258637,0.132409048,0.054521373,0.0,0.0,0.0,0.032258637,0.132409048,0.032258637,0.026217688,0.022082402,0.026217688,0.041172339,0.099989966,0.0,0.022082402,0.0,0.032258637,0.026217688,0.022082402,0.032258637,0.0,0.054521373,0.054521373,0.032258637,0.041172339,0.022082402,0.041172339,0.06092019,0.0,0.032258637,0.026217688,0.0,0.026217688,0.026217688,0.0,0.032258637,0.0,0.026217688,0.032258637,0.019232165,0.017258356,0.0,0.041172339,0.022082402,0.026217688,0.026217688,0.078342404,0.026217688,0.099989966,0.07496322,0.078342404,0.041172339,0.032258637,0.026217688,0.0,0.298507463,0.032258637,0.0,0.026217688,0.019232165,0.0,0.041172339,0.017258356,0.0,0.026217688,0.032258637,0.054521373,0.041172339,0.032258637,0.026217688,0.022082402,0.0,0.032258637
0.163074998,0.142026452,0.184015148,0.0,0.026217688,0.163074998,0.304051121,0.304051121,0.058823529,0.479833079,0.0,0.0,0.23822486,0.142026452,0.163074998,0.032258637,0.163074998,0.193613418,0.163074998,0.142026452,0.0,0.0,0.015384615,0.142026452,0.0,0.193613418,0.193613418,0.056338028,0.0,0.0,0.047169811,0.047169811,0.193613418,0.23822486,0.0,0.23822486,0.144176356,0.243677156,0.23822486,0.054521373,0.132409048,0.052631579,0.0,0.0,0.23822486,0.054521373,0.23822486,0.193613418,0.163074998,0.458800952,0.304051121,0.041172339,0.0,0.163074998,0.0,0.23822486,0.193613418,0.163074998,0.23822486,0.108433735,0.243677156,0.243677156,0.23822486,0.304051121,0.0,0.304051121,0.025084784,0.016574586,0.23822486,0.193613418,0.060402685,0.193613418,0.193613418,0.0,0.23822486,0.0,0.0,0.23822486,0.142026452,0.12745019,0.0,0.304051121,0.163074998,0.193613418,0.193613418,0.032258637,0.193613418,0.041172339,0.07496322,0.032258637,0.304051121,0.0,0.193613418,0.022727273,0.107359913,0.23822486,0.045918367,0.193613418,0.142026452,0.0,0.304051121,0.12745019,0.0,0.193613418,0.23822486,0.054521373,0.304051121,0.23822486,0.189189189,0.163074998,0.0,0.23822486
0.0,0.18526914,0.21283189,0.0,0.0,0.206873557,0.0,0.0,0.165137615,0.517415251,0.0,0.0,0.0,0.0,0.206873557,0.03846223,0.0,0.23822486,0.0,0.18526914,0.0,0.0,0.0,0.18526914,0.0,0.0,0.838709477,0.770114943,0.0,0.0,0.0,0.0,0.23822486,0.284037401,0.0,0.284037401,0.0,0.0,0.284037401,0.061343273,0.14897652,0.075630252,0.0,0.0,0.284037401,0.061343273,0.0,0.0,0.206873557,0.23822486,0.0,0.0,0.0,0.206873557,0.0,0.284037401,0.23822486,0.0,0.284037401,0.037383178,0.274166874,0.274166874,0.284037401,0.351665478,0.0,0.0,0.029819518,0.065502183,0.0,0.0,0.025380711,0.0,0.0,0.0,0.284037401,0.0,0.0,0.0,0.0,0.59960428,0.0,0.0,0.0,0.23822486,0.23822486,0.0,0.23822486,0.047619921,0.082379097,0.03846223,0.351665478,0.0,0.372579866,0.151785714,0.115768709,0.284037401,0.147540984,0.0,0.18526914,0.0,0.351665478,0.170310041,0.0,0.23822486,0.0,0.061343273,0.351665478,0.673076439,0.078342404,0.206873557,0.0,0.284037401
0.112414826,0.092000255,0.150723937,0.0,0.019232165,0.112414826,0.24904353,0.0,0.165137615,0.436595975,0.0,0.0,0.439027721,0.092000255,0.112414826,0.025087767,0.147540984,0.142026452,0.0,0.092000255,0.0,0.0,0.0,0.092000255,0.0,0.142026452,0.770114943,0.770114943,0.0,0.0,0.069230769,0.069230769,0.142026452,0.18526914,0.0,0.18526914,0.0,0.0,0.18526914,0.046646837,0.113285175,0.075630252,0.0,0.0,0.18526914,0.046646837,0.0,0.0,0.112414826,0.142026452,0.0,0.033723621,0.0,0.112414826,0.0,0.18526914,0.142026452,0.0,0.18526914,0.037383178,0.208482801,0.208482801,0.18526914,0.24904353,0.0,0.0,0.019576356,0.065502183,0.18526914,0.142026452,0.025380711,0.0,0.0,0.0,0.18526914,0.0,0.0,1.0,0.0,0.846309838,0.0,0.0,0.0,0.218623482,0.218623482,0.0,0.142026452,0.033723621,0.066414066,0.030927835,0.24904353,0.0,0.222127095,0.151785714,0.097685857,0.18526914,0.147540984,0.147540984,0.092000255,0.0,0.24904353,0.077860721,0.0,0.142026452,0.18526914,0.046646837,0.24904353,0.439027721,0.046706685,0.112414826,0.0,0.18526914
0.0,0.077860721,0.14132336,0.0,0.0,0.098097872,0.0,0.0,0.0,0.424421816,0.0,0.0,0.0,0.0,0.0,0.0,0.0,0.12745019,0.0,0.077860721,0.0,0.0,0.0,0.0,0.0,0.0,0.0,0.0,0.0,0.0,0.0,0.0,0.0,0.170310041,0.0,0.0,0.0,0.0,0.170310041,0.044424556,0.0,0.0,0.0,0.0,0.170310041,0.0,0.0,0.0,0.0,0.12745019,0.0,0.0,0.0,0.0,0.0,0.170310041,0.12745019,0.0,0.0,0.0,0.198550565,0.0,0.170310041,0.233510809,0.0,0.0,0.0,0.0,0.0,0.0,0.0,0.0,0.0,0.0,0.0,0.0,0.0,0.0,0.0,0.0,0.0,0.0,0.0,0.0,0.0,0.0,0.0,0.0,0.064003532,0.0,0.233510809,0.0,0.199330055,0.0,0.094961959,0.170310041,0.0,0.0,0.0,0.0,0.233510809,0.0,0.0,0.0,0.0,0.044424556,0.233510809,0.403579513,0.04191315,0.098097872,0.0,0.170310041
0.163074998,0.142026452,0.184015148,0.0,0.026217688,0.163074998,0.304051121,0.304051121,0.0,0.479833079,0.0,0.0,0.23822486,0.142026452,0.163074998,0.032258637,0.163074998,0.193613418,0.163074998,0.142026452,0.0,0.0,0.0,0.142026452,0.0,0.193613418,0.193613418,0.0,0.0,0.0,0.0,0.0,0.193613418,0.23822486,0.0,0.23822486,0.144176356,0.243677156,0.23822486,0.054521373,0.132409048,0.0,0.193613418,0.0,0.23822486,0.054521373,0.23822486,0.193613418,0.163074998,0.193613418,0.304051121,0.041172339,0.0,0.163074998,0.0,0.23822486,0.193613418,0.163074998,0.23822486,0.0,0.243677156,0.243677156,0.23822486,0.304051121,0.163074998,0.304051121,0.025084784,0.0,0.23822486,0.193613418,0.0,0.193613418,0.193613418,0.0,0.23822486,0.026217688,0.193613418,0.23822486,0.142026452,0.12745019,0.0,0.720502458,0.842271159,0.302808285,0.302808285,0.032258637,0.193613418,0.041172339,0.07496322,0.032258637,0.304051121,0.23822486,0.193613418,0.0,0.107359913,0.23822486,0.0,0.193613418,0.142026452,0.0,0.304051121,0.12745019,0.0,0.193613418,0.23822486,0.054521373,0.304051121,0.23822486,0.063671527,0.163074998,0.0,0.23822486
0.271481054,0.24904353,0.255398362,0.0,0.041172339,0.271481054,0.421998728,0.0,0.1875,0.573196756,0.0,0.0,0.351665478,0.24904353,0.271481054,0.047619921,0.271481054,0.304051121,0.271481054,0.24904353,0.0,0.0,0.0,0.24904353,0.0,0.304051121,0.304051121,0.229787234,0.0,0.0,0.205128205,0.205128205,0.304051121,0.351665478,0.0,0.351665478,0.21283189,0.319248128,0.351665478,0.071429946,0.173472727,0.254716981,0.0,0.0,0.351665478,0.071429946,0.351665478,0.304051121,0.271481054,0.304051121,0.421998728,0.097560976,0.0,0.271481054,0.0,0.351665478,0.304051121,0.271481054,0.351665478,0.042553191,0.319248128,0.319248128,0.351665478,0.421998728,0.0,0.0,0.036757459,0.073891626,0.351665478,0.304051121,0.029239766,0.304051121,0.304051121,0.071428571,0.351665478,0.0,0.0,0.351665478,0.297520661,0.233510809,0.0,0.0,0.686440678,0.475531084,0.475531084,0.0,0.304051121,0.057143926,0.093360272,0.047619921,0.421998728,0.0,0.304051121,0.090909091,0.128249503,0.351665478,0.068807339,0.304051121,0.24904353,0.0,0.421998728,0.233510809,0.0,0.304051121,0.351665478,0.071429946,0.421998728,0.351665478,0.099989966,0.271481054,0.0,0.351665478
0.133086931,0.112414826,0.431578947,0.0,0.022082402,0.133086931,0.271481054,0.0,0.141509434,0.454209032,0.0,0.0,0.206873557,0.267015707,0.133086931,0.028013277,0.239495798,0.163074998,0.0,0.112414826,0.0,0.0,0.0,0.112414826,0.0,0.362068966,0.290196078,0.290196078,0.0,0.0,0.212598425,0.212598425,0.163074998,0.206873557,0.0,0.206873557,0.0,0.0,0.206873557,0.049857993,0.121083697,0.362068966,0.0,0.0,0.206873557,0.049857993,0.0,0.0,0.133086931,0.163074998,0.271481054,0.065217391,0.0,0.257918552,0.0,0.206873557,0.163074998,0.133086931,0.206873557,0.076923077,0.222834703,0.222834703,0.206873557,0.271481054,0.0,0.0,0.02182825,0.040358744,0.206873557,0.163074998,0.036649215,0.163074998,0.163074998,0.042553191,0.206873557,0.0,0.0,0.206873557,0.20610687,0.098097872,0.0,0.0,0.0,0.286307054,0.286307054,0.0,0.163074998,0.036761943,0.069898901,0.028013277,0.271481054,0.0,0.163074998,0.055045872,0.101626678,0.206873557,0.239495798,0.239495798,0.112781955,0.0,0.271481054,0.098097872,0.0,0.163074998,0.206873557,0.049857993,0.271481054,0.206873557,0.053628691,0.133086931,0.0,0.206873557
0.0,0.142026452,0.451428571,0.0,0.0,0.163074998,0.0,0.0,0.152284264,0.479833079,0.0,0.0,0.0,0.0,0.163074998,0.032258637,0.0,0.193613418,0.0,0.142026452,0.0,0.0,0.0,0.142026452,0.0,0.0,0.295833333,0.295833333,0.0,0.0,0.0,0.0,0.193613418,0.23822486,0.0,0.23822486,0.0,0.0,0.310344828,0.054521373,0.132409048,0.262672811,0.0,0.0,0.23822486,0.054521373,0.0,0.0,0.163074998,0.193613418,0.0,0.0,0.0,0.262135922,0.0,0.23822486,0.193613418,0.0,0.23822486,0.077720207,0.243677156,0.243677156,0.23822486,0.304051121,0.0,0.0,0.025084784,0.100961538,0.0,0.0,0.034090909,0.0,0.0,0.0,0.23822486,0.0,0.0,0.0,0.0,0.12745019,0.0,0.0,0.0,0.0,1.0,0.0,0.193613418,0.041172339,0.07496322,0.032258637,0.304051121,0.0,0.193613418,0.0591133,0.107359913,0.23822486,0.242152466,0.0,0.142026452,0.0,0.304051121,0.12745019,0.0,0.193613418,0.0,0.054521373,0.304051121,0.23822486,0.063671527,0.163074998,0.0,0.23822486
0.0,0.142026452,0.451428571,0.0,0.0,0.163074998,0.0,0.0,0.152284264,0.479833079,0.0,0.0,0.0,0.0,0.163074998,0.032258637,0.0,0.193613418,0.0,0.142026452,0.0,0.0,0.0,0.142026452,0.0,0.0,0.295833333,0.295833333,0.0,0.0,0.0,0.0,0.193613418,0.23822486,0.0,0.23822486,0.0,0.0,0.310344828,0.054521373,0.132409048,0.262672811,0.0,0.0,0.23822486,0.054521373,0.0,0.0,0.163074998,0.193613418,0.0,0.0,0.0,0.262135922,0.0,0.23822486,0.193613418,0.0,0.23822486,0.077720207,0.243677156,0.243677156,0.23822486,0.304051121,0.0,0.0,0.025084784,0.100961538,0.0,0.0,0.034090909,0.0,0.0,0.0,0.23822486,0.0,0.0,0.0,0.0,0.12745019,0.0,0.0,0.0,0.0,0.0,0.0,0.193613418,0.041172339,0.07496322,0.032258637,0.304051121,0.0,0.193613418,0.0591133,0.107359913,0.23822486,0.242152466,0.0,0.142026452,0.0,0.304051121,0.12745019,0.0,0.193613418,0.0,0.054521373,0.304051121,0.23822486,0.063671527,0.163074998,0.0,0.23822486
0.028013277,0.025087767,0.047619921,0.0,0.078342404,0.028013277,0.047619921,0.047619921,0.0,0.115768709,0.0,0.0,0.03846223,0.025087767,0.028013277,0.093408273,0.028013277,0.032258637,0.028013277,0.025087767,0.0,0.0,0.0,0.025087767,0.0,0.032258637,0.032258637,0.0,0.0,0.0,0.0,0.0,0.032258637,0.03846223,0.0,0.03846223,0.03846223,0.061343273,0.03846223,0.14897652,0.061343273,0.0,0.0,0.0,0.03846223,0.14897652,0.03846223,0.032258637,0.028013277,0.032258637,0.047619921,0.115648379,0.0,0.028013277,0.0,0.03846223,0.032258637,0.028013277,0.03846223,0.0,0.061343273,0.061343273,0.049019608,0.047619921,0.0,0.0,0.133274986,0.0,0.03846223,0.032258637,0.0,0.032258637,0.032258637,0.0,0.03846223,0.0,0.0,0.03846223,0.025087767,0.023062118,0.0,0.047619921,0.028013277,0.032258637,0.032258637,0.0,0.032258637,0.115648379,0.082379097,0.093408273,0.047619921,0.0,0.032258637,0.0,0.115768709,0.03846223,0.0,0.032258637,0.025087767,0.0,0.047619921,0.023062118,0.0,0.032258637,0.03846223,0.061343273,0.047619921,0.03846223,0.032258637,0.028013277,0.0,0.03846223
0.0,0.142026452,0.184015148,0.0,0.0,0.163074998,0.0,0.0,0.0,0.479833079,0.0,0.0,0.0,0.0,0.163074998,0.032258637,0.0,0.193613418,0.0,0.142026452,0.0,0.0,0.0,0.0,0.0,0.0,0.0,0.0,0.0,0.0,0.0,0.0,0.0,0.23822486,0.0,0.0,0.0,0.0,0.23822486,0.054521373,0.0,0.0,0.0,0.0,0.23822486,0.0,0.0,0.0,0.163074998,0.193613418,0.0,0.0,0.0,0.163074998,0.0,0.23822486,0.193613418,0.0,0.0,0.0,0.243677156,0.243677156,0.372579866,0.304051121,0.0,0.0,0.0,0.0,0.0,0.0,0.0,0.0,0.0,0.0,0.0,0.0,0.0,0.0,0.0,0.12745019,0.0,0.0,0.0,0.0,0.0,0.0,0.0,0.0,0.07496322,0.032258637,0.304051121,0.0,0.193613418,0.0,0.107359913,0.23822486,0.0,0.0,0.0,0.0,0.304051121,0.12745019,0.0,0.193613418,0.0,0.054521373,0.304051121,0.23822486,0.063671527,0.255046685,0.0,0.23822486
0.0,0.033723621,0.057143926,0.0,0.0,0.036761943,0.0,0.0,0.0,0.128249503,0.0,0.0,0.0,0.0,0.036761943,0.549999175,0.0,0.041172339,0.0,0.033723621,0.0,0.0,0.0,0.0,0.0,0.0,0.0,0.0,0.0,0.0,0.0,0.0,0.0,0.047619921,0.0,0.0,0.0,0.0,0.047619921,0.173472727,0.0,0.0,0.0,0.0,0.047619921,0.0,0.0,0.0,0.036761943,0.041172339,0.0,0.0,0.0,0.036761943,0.0,0.211640212,0.211640212,0.0,0.0,0.0,0.071429946,0.071429946,0.047619921,0.057143926,0.0,0.0,0.0,0.0,0.0,0.0,0.0,0.0,0.0,0.0,0.0,0.0,0.0,0.0,0.0,0.031620295,0.0,0.0,0.0,0.0,0.0,0.0,0.041172339,0.0,0.093360272,0.115648379,0.057143926,0.0,0.041172339,0.0,0.128249503,0.047619921,0.0,0.0,0.0,0.0,0.057143926,0.031620295,0.0,0.041172339,0.0,0.071429946,0.057143926,0.047619921,0.041172339,0.036761943,0.0,0.047619921
0.0,0.066414066,0.093360272,0.0,0.0,0.069898901,0.0,0.0,0.0,0.0,0.0,0.0,0.0,0.0,0.0,0.0,0.0,0.0,0.0,0.066414066,0.0,0.0,0.0,0.0,0.0,0.0,0.0,0.0,0.0,0.0,0.0,0.0,0.0,0.082379097,0.0,0.0,0.0,0.0,0.082379097,0.109892388,0.0,0.0,0.0,0.0,0.0,0.0,0.0,0.0,0.0,0.07496322,0.0,0.0,0.0,0.0,0.0,0.082379097,0.07496322,0.0,0.0,0.0,0.109892388,0.0,0.082379097,0.093360272,0.0,0.0,0.0,0.0,0.0,0.0,0.0,0.0,0.0,0.0,0.0,0.0,0.0,0.0,0.0,0.0,0.0,0.0,0.0,0.0,0.0,0.0,0.0,0.0,0.0,0.0,0.0,0.0,0.07496322,0.0,0.176370951,0.082379097,0.0,0.0,0.0,0.0,0.093360272,0.0,0.0,0.0,0.0,0.0,0.093360272,0.082379097,0.07496322,0.0,0.0,0.0
0.0,0.025087767,0.047619921,0.0,0.0,0.028013277,0.0,0.0,0.0,0.115768709,0.0,0.0,0.0,0.0,0.028013277,0.093408273,0.0,0.032258637,0.0,0.025087767,0.0,0.0,0.0,0.0,0.0,0.0,0.0,0.0,0.0,0.0,0.0,0.0,0.0,0.03846223,0.0,0.0,0.0,0.0,0.03846223,0.274166874,0.0,0.0,0.0,0.0,0.03846223,0.0,0.0,0.0,0.0,0.032258637,0.0,0.0,0.0,0.028013277,0.0,0.03846223,0.032258637,0.0,0.0,0.0,0.061343273,0.0,0.03846223,0.047619921,0.0,0.0,0.0,0.0,0.0,0.0,0.0,0.0,0.0,0.0,0.0,0.0,0.0,0.0,0.0,0.023062118,0.0,0.0,0.0,0.0,0.0,0.0,0.0,0.0,0.082379097,0.0,0.047619921,0.0,0.032258637,0.0,0.115768709,0.03846223,0.0,0.0,0.0,0.0,0.047619921,0.023062118,0.0,0.0,0.0,0.061343273,0.047619921,0.03846223,0.032258637,0.028013277,0.0,0.03846223
0.0,0.24904353,0.255398362,0.0,0.0,0.271481054,0.0,0.0,0.0,0.573196756,0.0,0.0,0.0,0.0,0.0,0.0,0.0,0.304051121,0.0,0.24904353,0.0,0.0,0.0,0.0,0.0,0.0,0.0,0.0,0.0,0.0,0.0,0.0,0.0,0.351665478,0.0,0.0,0.0,0.0,0.351665478,0.071429946,0.0,0.0,0.0,0.0,0.351665478,0.0,0.0,0.0,0.0,0.304051121,0.0,0.0,0.0,0.0,0.0,0.351665478,0.304051121,0.0,0.0,0.0,0.319248128,0.0,0.351665478,0.421998728,0.0,0.0,0.0,0.0,0.0,0.0,0.0,0.0,0.0,0.0,0.0,0.0,0.0,0.0,0.0,0.0,0.0,0.0,0.0,0.0,0.0,0.0,0.0,0.0,0.093360272,0.0,0.0,0.0,0.304051121,0.0,0.128249503,0.351665478,0.0,0.0,0.0,0.0,0.421998728,0.0,0.0,0.0,0.0,0.071429946,0.421998728,0.351665478,0.099989966,0.271481054,0.0,0.351665478
0.206873557,0.18526914,0.21283189,0.0,0.032258637,0.206873557,0.351665478,0.351665478,0.172413793,0.517415251,0.0,0.0,0.444229946,0.18526914,0.206873557,0.03846223,0.206873557,0.23822486,0.206873557,0.18526914,0.0,0.0,0.045226131,0.18526914,0.0,0.23822486,0.372579866,0.110599078,0.0,0.0,0.055555556,0.055555556,0.23822486,0.284037401,0.0,0.284037401,0.17190262,0.274166874,0.284037401,0.061343273,0.14897652,0.06185567,0.0,0.0,0.284037401,0.061343273,0.284037401,0.23822486,0.206873557,0.23822486,0.351665478,0.047619921,0.0,0.206873557,0.0,0.284037401,0.23822486,0.206873557,0.284037401,0.035294118,0.274166874,0.274166874,0.284037401,0.351665478,0.0,0.351665478,0.029819518,0.048648649,0.284037401,0.23822486,0.019607843,0.23822486,0.23822486,0.0,0.284037401,0.0,0.23822486,0.444229946,0.289757968,0.266362177,0.0,0.351665478,0.206873557,0.23822486,0.23822486,0.03846223,0.23822486,0.047619921,0.082379097,0.03846223,0.351665478,0.0,0.838709477,1.0,0.115768709,0.284037401,0.135,0.23822486,0.18526914,0.0,0.351665478,0.170310041,0.0,0.23822486,0.284037401,0.061343273,0.351665478,0.444229946,0.078342404,0.206873557,0.0,0.284037401
0.0,0.0,0.0,0.0,0.0,0.0,0.0,0.0,0.0,0.0,0.0,0.0,0.0,0.0,0.0,0.0,0.0,0.0,0.0,0.142026452,0.0,0.0,0.0,0.0,0.0,0.0,0.0,0.0,0.0,0.0,0.0,0.0,0.0,0.23822486,0.0,0.0,0.0,0.0,0.0,0.0,0.0,0.0,0.0,0.0,0.0,0.0,0.0,0.0,0.0,0.193613418,0.0,0.0,0.0,0.0,0.0,0.0,0.193613418,0.0,0.0,0.0,0.243677156,0.0,0.23822486,0.304051121,0.0,0.0,0.0,0.0,0.0,0.0,0.0,0.0,0.0,0.0,0.0,0.0,0.0,0.0,0.0,0.0,0.0,0.0,0.0,0.0,0.0,0.0,0.0,0.0,0.0,0.0,0.0,0.0,0.0,0.0,0.0,0.23822486,0.0,0.0,0.0,0.0,0.304051121,0.0,0.0,0.0,0.0,0.0,0.304051121,0.372579866,0.0,0.0,0.0,0.0
0.0,0.0,0.0,0.0,0.0,0.0,0.0,0.0,0.172413793,0.0,0.0,0.0,0.0,0.0,0.0,0.0,0.0,0.0,0.0,0.0,0.0,0.0,0.0,0.0,0.0,0.0,0.0,0.0,0.0,0.0,0.0,0.0,0.0,0.066666667,0.0,0.0,0.0,0.0,0.0,0.0,0.0,0.0,0.0,0.0,0.0,0.0,0.0,0.0,0.0,0.023809524,0.0,0.0,0.0,0.0,0.0,0.0,0.042253521,0.0,0.0,0.035294118,0.023809524,0.0,0.060606061,0.103448276,0.0,0.0,0.0,0.0,0.0,0.0,0.0,0.0,0.0,0.0,0.0,0.0,0.0,0.0,0.0,0.0,0.0,0.0,0.0,0.0,0.0,0.0,0.0,0.0,0.0,0.0,0.0,0.0,0.0,0.0,0.0,0.0,0.0,0.0,0.0,0.0,0.066666667,0.0,0.0,0.0,0.0,0.0,0.193548387,0.114130435,0.0,0.0,0.0,0.0
0.0,0.0,0.0,0.0,0.0,0.101626678,0.0,0.0,0.087804878,0.0,0.0,0.0,0.0,0.0,0.0,0.0,0.0,0.0,0.0,0.097685857,0.0,0.0,0.0,0.0,0.0,0.0,0.0,0.0,0.0,0.0,0.0,0.0,0.0,0.115768709,0.0,0.0,0.0,0.0,0.0,0.0,0.0,0.0,0.0,0.0,0.0,0.0,0.0,0.0,0.0,0.107359913,0.0,0.0,0.0,0.0,0.0,0.0,0.107359913,0.0,0.0,0.0,0.14710564,0.0,0.115768709,0.128249503,0.0,0.0,0.0,0.0,0.0,0.0,0.0,0.0,0.0,0.0,0.0,0.0,0.0,0.0,0.0,0.0,0.0,0.0,0.0,0.0,0.0,0.0,0.0,0.0,0.0,0.0,0.0,0.0,0.107359913,0.0,0.0,0.115768709,0.0,0.0,0.0,0.0,0.128249503,0.0,0.0,0.0,0.0,0.0,0.128249503,0.115768709,0.0,0.0,0.0,0.0
0.0,0.0,0.0,0.0,0.0,0.0,0.0,0.0,0.0,0.0,0.0,0.0,0.0,0.0,0.0,0.0,0.0,0.0,0.0,0.0,0.0,0.0,0.0,0.0,0.0,0.0,0.0,0.0,0.0,0.0,0.0,0.0,0.0,0.0,0.0,0.0,0.0,0.0,0.0,0.0,0.0,0.0,0.0,0.0,0.0,0.0,0.0,0.0,0.0,0.0,0.0,0.0,0.0,0.0,0.0,0.0,0.23822486,0.0,0.0,0.0,0.0,0.0,0.0,0.351665478,0.0,0.0,0.0,0.0,0.0,0.0,0.0,0.0,0.0,0.0,0.0,0.0,0.0,0.0,0.0,0.0,0.0,0.0,0.0,0.0,0.0,0.0,0.0,0.0,0.0,0.0,0.0,0.0,0.0,0.0,0.0,0.0,0.0,0.0,0.0,0.0,0.0,0.0,0.0,0.0,0.0,0.0,0.0,0.0,0.0,0.0,0.0,0.0
0.0,0.034682081,0.540697674,0.0,0.0,0.049450549,0.0,0.0,0.139175258,0.232394366,0.0,0.0,0.0,0.0,0.044554455,0.0,0.0,0.02739726,0.0,0.0,0.0,0.0,0.0,0.033707865,0.0,0.0,0.0,0.274261603,0.0,0.0,0.0,0.0,0.0,0.045,0.0,0.0,0.0,0.0,0.215,0.0,0.088235294,0.322429907,0.0,0.0,0.031746032,0.0,0.0,0.0,0.046875,0.04787234,0.0,0.0,0.0,0.325123153,0.0,0.020862309,0.020862309,0.0,0.131067961,0.078947368,0.111702128,0.074257426,0.087155963,0.077319588,0.0,0.0,0.0,0.0,0.0,0.0,0.0,0.0,0.0,0.0,0.0,0.0,0.0,0.0,0.0,0.0,0.0,0.0,0.0,0.0,0.0,0.0,0.0,0.0,0.0,0.029411765,0.0,0.0,0.0,0.135,0.0,0.0,0.0,0.0,0.0,0.0,0.045,0.032786885,0.0,0.0,0.0,0.0,0.349514563,0.098039216,0.052325581,0.0,0.0,0.453815261
0.163074998,0.142026452,0.540697674,0.0,0.026217688,0.163074998,0.475531084,0.0,0.139175258,0.479833079,0.0,0.0,0.0,0.358381503,0.163074998,0.032258637,1.0,0.193613418,0.0,0.142026452,0.0,0.0,0.0,0.142026452,0.0,0.322429907,0.274261603,0.274261603,0.0,0.0,0.156779661,0.156779661,0.193613418,0.23822486,0.0,0.23822486,0.0,0.0,0.23822486,0.054521373,0.132409048,0.322429907,0.0,0.0,0.23822486,0.054521373,0.0,0.0,0.163074998,0.193613418,0.0,0.041172339,0.0,0.325123153,0.0,0.23822486,0.193613418,0.0,0.23822486,0.078947368,0.243677156,0.243677156,0.23822486,0.304051121,0.0,0.0,0.025084784,0.029268293,0.23822486,0.193613418,0.034682081,0.0,0.0,0.0,0.23822486,0.0,0.0,0.23822486,0.0,0.12745019,0.0,0.0,0.0,0.242152466,0.242152466,0.0,0.193613418,0.041172339,0.07496322,0.032258637,0.304051121,0.0,0.193613418,0.135,0.107359913,0.838709477,1.0,0.0,0.142026452,0.0,0.304051121,0.12745019,0.0,0.193613418,0.23822486,0.054521373,0.475531084,0.23822486,0.063671527,0.163074998,0.0,0.564515588
0.0,0.092000255,0.150723937,0.0,0.0,0.112414826,0.0,0.0,0.135135135,0.436595975,0.0,0.0,0.0,0.0,0.112414826,0.025087767,0.0,0.142026452,0.0,0.092000255,0.0,0.0,0.0,0.092000255,0.0,0.0,0.142026452,0.135849057,0.0,0.0,0.0,0.0,0.0,0.18526914,0.0,0.0,0.0,0.0,0.18526914,0.046646837,0.113285175,0.123966942,0.0,0.046511628,0.18526914,0.0,0.0,0.0,0.112414826,0.142026452,0.0,0.0,0.0,0.116883117,0.0,0.18526914,0.142026452,0.0,0.18526914,0.082568807,0.425925926,0.217391304,0.289757968,0.24904353,0.0,0.0,0.019576356,0.0,0.0,0.0,0.0,0.0,0.0,0.0,0.18526914,0.0,0.0,0.0,0.0,0.077860721,0.0,0.0,0.0,0.0,0.0,0.0,0.222127095,0.033723621,0.066414066,0.025087767,0.24904353,0.0,0.142026452,0.052631579,0.097685857,0.18526914,0.108870968,0.0,0.0,0.0,0.24904353,0.077860721,0.0,0.142026452,0.0,0.046646837,0.24904353,0.18526914,0.06,0.395774731,0.0,0.18526914
0.022082402,0.019232165,0.041172339,0.0,0.063671527,0.04787234,0.041172339,0.041172339,0.04,0.107359913,0.0,0.0,0.032258637,0.019232165,0.022082402,0.078342404,0.022082402,0.026217688,0.022082402,0.019232165,0.022082402,0.0,0.0,0.046195652,0.27027027,0.026217688,0.026217688,0.0,0.0,0.0,0.0,0.0,0.026217688,0.032258637,0.041172339,0.032258637,0.032258637,0.054521373,0.032258637,0.132409048,0.054521373,0.0,0.026217688,0.0,0.032258637,0.132409048,0.032258637,0.026217688,0.050505051,0.026217688,0.041172339,0.099989966,0.0,0.022082402,0.0,0.032258637,0.026217688,0.022082402,0.056603774,0.051020408,0.054521373,0.054521373,0.032258637,0.041172339,0.044444444,0.041172339,0.173076923,0.0,0.032258637,0.026217688,0.0,0.026217688,0.026217688,0.0,0.032258637,0.681647619,0.026217688,0.032258637,0.019232165,0.017258356,0.026217688,0.041172339,0.022082402,0.026217688,0.026217688,0.078342404,0.026217688,0.099989966,0.07496322,0.078342404,0.041172339,0.032258637,0.026217688,0.0,0.278481013,0.032258637,0.0,0.026217688,0.019232165,0.0,0.041172339,0.047619048,0.0,0.026217688,0.032258637,0.054521373,0.041172339,0.032258637,0.026217688,0.022082402,0.0,0.032258637
0.0,0.0,0.0,0.0,0.0,0.0,0.0,0.0,0.172413793,0.0,0.0,0.0,0.0,0.0,0.0,0.0,0.0,0.0,0.0,0.389500093,0.0,0.0,0.0,0.0,0.0,0.0,0.0,0.0,0.0,0.0,0.0,0.0,0.0,0.549999175,0.0,0.0,0.0,0.0,0.0,0.0,0.0,0.0,0.0,0.0,0.0,0.0,0.0,0.0,0.0,0.304051121,0.0,0.0,0.0,0.0,0.0,0.0,0.304051121,0.0,0.0,0.035294118,0.0,0.0,0.351665478,0.659999252,0.0,0.0,0.0,0.0,0.0,0.0,0.0,0.0,0.0,0.0,0.0,0.0,0.0,0.0,0.0,0.0,0.0,0.0,0.0,0.0,0.0,0.0,0.0,0.0,0.0,0.0,0.0,0.0,0.0,0.0,0.0,0.351665478,0.0,0.0,0.0,0.0,0.0,0.0,0.0,0.0,0.0,0.0,0.421998728,0.351665478,0.0,0.0,0.0,0.0
0.0,0.274121366,0.14132336,0.0,0.0,0.232460113,0.0,0.0,0.057324841,0.424421816,0.0,0.0,0.0,0.0,0.345369559,0.0,0.0,0.12745019,0.0,0.077860721,0.0,0.0,0.0,0.0,0.0,0.0,0.0,0.0,0.0,0.0,0.0,0.0,0.0,0.170310041,0.0,0.0,0.0,0.0,0.170310041,0.044424556,0.0,0.039548023,0.0,0.0,0.170310041,0.0,0.0,0.0,0.0,0.12745019,0.0,0.0,0.0,0.0,0.0,0.170310041,0.12745019,0.0,0.0,0.294117647,0.198550565,0.0,0.170310041,0.233510809,0.0,0.0,0.0,0.0,0.0,0.0,0.0,0.0,0.0,0.0,0.0,0.0,0.0,0.0,0.0,0.063843426,0.0,0.0,0.0,0.0,0.0,0.0,0.0,0.0,0.064003532,0.0,0.233510809,0.0,0.12745019,0.018404908,0.094961959,0.170310041,0.0,0.0,0.0,0.0,0.233510809,0.0,0.0,0.0,0.0,0.044424556,0.233510809,0.170310041,0.066666667,0.098097872,0.0,0.170310041
0.271481054,0.24904353,0.255398362,0.047619921,0.041172339,0.271481054,0.421998728,0.421998728,0.195652174,0.573196756,0.0,0.0,0.351665478,0.24904353,0.271481054,0.047619921,0.271481054,0.304051121,0.271481054,0.24904353,0.271481054,0.0,0.071770335,0.24904353,0.0,0.304051121,0.304051121,0.237885463,0.0,0.421998728,0.185840708,0.185840708,0.304051121,0.351665478,0.421998728,0.351665478,0.21283189,0.319248128,0.351665478,0.071429946,0.173472727,0.088235294,0.304051121,0.0,0.351665478,0.071429946,0.351665478,0.304051121,0.271481054,0.304051121,0.421998728,0.057143926,0.0,0.271481054,0.0,0.351665478,0.304051121,0.271481054,0.351665478,0.044444444,0.319248128,0.319248128,0.351665478,0.421998728,0.271481054,0.421998728,0.036757459,0.179487179,0.351665478,0.304051121,0.030674847,0.304051121,0.304051121,0.0,0.351665478,0.041172339,0.304051121,0.351665478,0.307692308,0.233510809,0.475531084,0.659999252,0.424592019,0.720502458,0.720502458,0.047619921,0.304051121,0.057143926,0.093360272,0.047619921,0.421998728,0.351665478,0.304051121,0.094736842,0.128249503,0.351665478,0.071428571,0.304051121,0.24904353,0.041172339,0.421998728,0.233510809,0.0,0.304051121,0.351665478,0.071429946,0.421998728,0.351665478,0.099989966,0.271481054,0.0,0.351665478
0.0,0.142026452,0.184015148,0.0,0.0,0.163074998,0.0,0.0,0.0,0.479833079,0.0,0.0,0.0,0.0,0.163074998,0.032258637,0.0,0.302808285,0.0,0.222127095,0.0,0.0,0.0,0.0,0.0,0.0,0.0,0.0,0.0,0.0,0.0,0.0,0.0,0.372579866,0.0,0.0,0.0,0.0,0.23822486,0.054521373,0.0,0.0,0.0,0.0,0.372579866,0.0,0.0,0.0,0.0,0.193613418,0.0,0.0,0.0,0.163074998,0.0,0.23822486,0.193613418,0.0,0.0,0.0,0.243677156,0.243677156,0.23822486,0.720502458,0.0,0.0,0.0,0.0,0.0,0.0,0.0,0.0,0.0,0.0,0.0,0.0,0.0,0.0,0.0,0.12745019,0.0,0.0,0.0,0.0,0.0,0.0,0.0,0.0,0.07496322,0.032258637,0.304051121,0.0,0.193613418,0.0,0.107359913,0.23822486,0.0,0.0,0.0,0.0,0.475531084,0.12745019,0.0,0.0,0.0,0.054521373,0.304051121,0.23822486,0.063671527,0.163074998,0.0,0.23822486
0.0,0.18526914,0.21283189,0.0,0.032258637,0.206873557,0.351665478,0.0,0.797468354,0.517415251,0.0,0.0,0.0,0.0,0.206873557,0.03846223,0.0,0.23822486,0.0,0.18526914,0.0,0.0,0.0,0.18526914,0.0,0.0,0.23822486,0.089552239,0.0,0.0,0.0,0.0,0.23822486,0.284037401,0.0,0.284037401,0.0,0.0,0.284037401,0.061343273,0.14897652,0.101123596,0.0,0.0,0.284037401,0.061343273,0.0,0.0,0.206873557,0.23822486,0.0,0.0,0.0,0.206873557,0.0,0.284037401,0.23822486,0.0,0.284037401,0.051948052,0.274166874,0.274166874,0.284037401,0.351665478,0.0,0.0,0.029819518,0.088757396,0.0,0.0,0.03649635,0.0,0.0,0.0,0.284037401,0.0,0.0,0.284037401,0.0,0.170310041,0.0,0.0,0.0,0.23822486,0.23822486,0.0,0.23822486,0.047619921,0.082379097,0.03846223,0.833333028,0.0,0.23822486,0.109756098,0.115768709,0.284037401,0.081521739,0.0,0.18526914,0.0,0.351665478,0.170310041,0.0,0.23822486,0.0,0.061343273,0.351665478,0.284037401,0.078342404,0.206873557,0.0,0.284037401
0.0,0.046646837,0.071429946,0.0,0.0,0.049857993,0.0,0.0,0.0,0.0,0.0,0.0,0.0,0.0,0.0,0.0,0.0,0.0,0.0,0.046646837,0.0,0.0,0.0,0.0,0.0,0.0,0.0,0.0,0.0,0.0,0.0,0.0,0.0,0.061343273,0.0,0.0,0.0,0.0,0.061343273,0.086581804,0.0,0.0,0.0,0.0,0.0,0.0,0.0,0.0,0.0,0.054521373,0.0,0.0,0.0,0.0,0.0,0.061343273,0.054521373,0.0,0.0,0.0,0.086581804,0.0,0.061343273,0.071429946,0.0,0.0,0.0,0.0,0.0,0.0,0.0,0.0,0.0,0.0,0.0,0.0,0.0,0.0,0.0,0.0,0.0,0.0,0.0,0.0,0.0,0.0,0.0,0.0,0.109892388,0.0,0.0,0.0,0.054521373,0.0,0.14710564,0.061343273,0.0,0.0,0.0,0.0,0.071429946,0.0,0.0,0.0,0.0,0.0,0.071429946,0.061343273,0.054521373,0.0,0.0,0.0
0.0,0.0,0.0,0.0,0.0,0.0,0.0,0.0,0.166666667,0.0,0.0,0.0,0.0,0.0,0.0,0.0,0.0,0.0,0.0,0.24904353,0.0,0.0,0.0,0.0,0.0,0.0,0.0,0.0,0.0,0.0,0.0,0.0,0.0,0.351665478,0.0,0.0,0.0,0.0,0.0,0.0,0.0,0.0,0.0,0.0,0.0,0.0,0.0,0.0,0.0,0.304051121,0.0,0.0,0.0,0.0,0.0,0.0,0.304051121,0.0,0.0,0.034090909,0.0,0.0,0.351665478,0.421998728,0.0,0.0,0.0,0.0,0.0,0.0,0.0,0.0,0.0,0.0,0.0,0.0,0.0,0.0,0.0,0.0,0.0,0.0,0.0,0.0,0.0,0.0,0.0,0.0,0.0,0.0,0.0,0.0,0.0,0.0,0.0,0.549999175,0.0,0.0,0.0,0.0,0.0,0.0,0.0,0.0,0.0,0.0,0.0,0.351665478,0.0,0.0,0.0,0.0
0.0,0.0,0.0,0.0,0.0,0.0,0.0,0.0,0.151685393,0.0,0.0,0.0,0.0,0.0,0.0,0.0,0.0,0.0,0.0,0.0,0.0,0.0,0.0,0.0,0.0,0.0,0.0,0.0,0.0,0.0,0.0,0.0,0.0,0.0,0.0,0.0,0.0,0.0,0.0,0.0,0.0,0.0,0.0,0.0,0.0,0.0,0.0,0.0,0.0,0.0,0.0,0.0,0.0,0.0,0.0,0.0,0.23822486,0.0,0.0,0.028735632,0.0,0.0,0.0,0.351665478,0.0,0.0,0.0,0.0,0.0,0.0,0.0,0.0,0.0,0.0,0.0,0.0,0.0,0.0,0.0,0.0,0.0,0.0,0.0,0.0,0.0,0.0,0.0,0.0,0.0,0.0,0.0,0.0,0.0,0.0,0.0,0.284037401,0.0,0.0,0.0,0.0,0.0,0.0,0.0,0.0,0.0,0.0,0.0,0.0,0.0,0.0,0.0,0.0
0.0,0.0,0.099989966,0.0,0.0,0.089552239,0.0,0.0,0.068493151,0.0,0.0,0.0,0.0,0.0,0.0,0.0,0.0,0.0,0.0,0.046706685,0.0,0.0,0.0,0.0,0.0,0.0,0.0,0.0,0.0,0.0,0.0,0.0,0.0,0.078342404,0.0,0.0,0.0,0.0,0.078947368,0.0,0.0,0.0,0.0,0.0,0.0,0.0,0.0,0.0,0.0,0.2,0.0,0.0,0.0,0.0,0.0,0.078342404,0.063671527,0.0,0.0,0.126760563,0.132409048,0.0,0.105882353,0.099989966,0.0,0.0,0.0,0.0,0.0,0.0,0.0,0.0,0.0,0.0,0.0,0.0,0.0,0.0,0.0,0.0,0.0,0.0,0.0,0.0,0.0,0.0,0.0,0.0,0.0,0.0,0.0,0.0,0.063671527,0.026315789,0.107359913,0.078342404,0.0,0.0,0.0,0.0,0.099989966,0.0,0.0,0.0,0.0,0.0,0.099989966,0.078342404,0.0,0.0,0.0,0.0
0.0,0.112414826,0.164303377,0.0,0.0,0.133086931,0.0,0.0,0.0,0.454209032,0.0,0.0,0.0,0.0,0.0,0.0,0.0,0.0,0.0,0.112414826,0.0,0.0,0.0,0.0,0.0,0.0,0.0,0.0,0.0,0.0,0.0,0.0,0.0,0.206873557,0.0,0.0,0.0,0.0,0.206873557,0.049857993,0.0,0.0,0.0,0.0,0.206873557,0.0,0.0,0.0,0.0,0.163074998,0.0,0.0,0.0,0.0,0.0,0.206873557,0.163074998,0.0,0.0,0.0,0.222834703,0.0,0.32354693,0.271481054,0.0,0.0,0.0,0.0,0.0,0.0,0.0,0.0,0.0,0.0,0.0,0.0,0.0,0.0,0.0,0.0,0.0,0.0,0.0,0.0,0.0,0.0,0.0,0.0,0.069898901,0.0,0.0,0.0,0.163074998,0.0,0.101626678,0.206873557,0.0,0.0,0.0,0.0,0.271481054,0.0,0.0,0.0,0.0,0.049857993,0.271481054,0.206873557,0.053628691,0.0,0.0,0.0
0.069898901,0.066414066,0.093360272,0.086247086,0.07496322,0.069898901,0.093360272,0.093360272,0.0,0.176370951,0.0,0.018404908,0.082379097,0.066414066,0.069898901,0.082379097,0.069898901,0.07496322,0.069898901,0.066414066,0.069898901,0.0,0.0,0.066414066,0.0,0.07496322,0.07496322,0.0,0.061696658,0.093360272,0.0,0.0,0.07496322,0.082379097,0.093360272,0.082379097,0.082379097,0.109892388,0.082379097,0.109892388,0.109892388,0.0,0.07496322,0.051172708,0.082379097,0.109892388,0.082379097,0.07496322,0.069898901,0.07496322,0.093360272,0.093360272,0.0,0.069898901,0.093360272,0.082379097,0.07496322,0.069898901,0.082379097,0.0,0.109892388,0.109892388,0.082379097,0.093360272,0.069898901,0.093360272,0.062546377,0.0,0.082379097,0.07496322,0.0,0.07496322,0.07496322,0.0,0.082379097,0.07496322,0.07496322,0.082379097,0.066414066,0.064003532,0.07496322,0.093360272,0.069898901,0.07496322,0.07496322,0.087885986,0.07496322,0.093360272,0.135412554,0.082379097,0.093360272,0.082379097,0.07496322,0.0,0.176370951,0.082379097,0.0,0.07496322,0.066414066,0.07496322,0.093360272,0.064003532,0.093360272,0.07496322,0.082379097,0.266881514,0.093360272,0.082379097,0.07496322,0.069898901,0.0,0.082379097
0.0,0.18526914,0.21283189,0.0,0.0,0.206873557,0.0,0.0,0.152466368,0.517415251,0.0,0.0,0.0,0.0,0.0,0.0,0.0,0.23822486,0.0,0.18526914,0.0,0.0,0.0,0.0,0.0,0.0,0.0,0.0,0.0,0.0,0.0,0.0,0.0,0.284037401,0.0,0.0,0.0,0.0,0.284037401,0.061343273,0.0,0.106995885,0.0,0.0,0.284037401,0.0,0.0,0.0,0.0,0.23822486,0.0,0.0,0.0,0.0,0.0,0.284037401,0.23822486,0.0,0.0,0.127853881,0.274166874,0.0,0.284037401,0.351665478,0.0,0.0,0.0,0.0,0.0,0.0,0.0,0.0,0.0,0.0,0.0,0.0,0.0,0.0,0.0,0.0,0.0,0.0,0.0,0.0,0.0,0.0,0.0,0.0,0.084805654,0.0,0.0,0.0,0.23822486,0.148471616,0.115768709,0.673076439,0.0,0.0,0.0,0.0,0.351665478,0.0,0.0,0.0,0.0,0.061343273,0.549999175,0.284037401,0.109452736,0.206873557,0.0,0.0
