disease,SnoRNA,Score
42,241,0.9999898943074688
110,19,0.99998890199323
42,36,0.9999882859607324
9,222,0.9999848903764978
42,296,0.9999833713209746
110,21,0.9999833669084864
110,273,0.9999814383038992
110,63,0.9999814383038992
110,228,0.9999814383038992
110,219,0.9999814383038992
110,310,0.9999814383038992
74,331,0.999981354548972
42,150,0.9974605092353108
110,29,0.9974233692736209
110,321,0.9974233692736209
42,249,0.9974078173463312
42,223,0.997402935754342
42,135,0.997402935754342
24,241,0.9973899868364052
42,313,0.9973876590610165
42,307,0.9973876590610165
42,277,0.9973591156223124
110,277,0.9973591156223124
42,280,0.9973591156223124
110,155,0.9973591156223124
110,280,0.9973591156223124
42,160,0.9973591156223124
110,299,0.9973591156223124
42,66,0.9973490294992238
74,223,0.9972863576083334
42,91,0.9972455819775666
42,68,0.9972455819775666
110,270,0.9972087862765424
24,120,0.9971927496897834
110,152,0.9971458504291852
110,10,0.9971023375056908
110,204,0.9970896944876212
9,223,0.9970321607576932
42,144,0.9969811013652344
42,237,0.9969811013652344
42,294,0.996968770981211
42,70,0.9968944570892544
42,243,0.9967506257066772
42,142,0.9966350798777008
110,311,0.9966314362841197
29,312,0.9965748179923416
76,312,0.9965450971329792
23,63,0.996479279922542
110,35,0.9964423312154151
23,19,0.9964113439842004
110,282,0.9964089492293228
42,287,0.9963778714843196
42,238,0.9963627413598456
42,290,0.9963627413598456
42,233,0.9963627413598456
42,197,0.9963627413598456
110,319,0.996339369354186
53,223,0.9963275474951752
23,223,0.9963275474951752
110,66,0.9963186480266492
11,132,0.9962924474604526
23,277,0.9962725829485476
53,277,0.9962725829485476
54,247,0.996252872971526
54,78,0.996252872971526
54,63,0.996252872971526
42,231,0.9962389946003998
42,283,0.9961225344463894
42,205,0.9961129182349896
11,136,0.9960699060444212
54,331,0.9960571625756376
110,249,0.9960494948431884
42,254,0.996037401254304
42,240,0.996037401254304
42,246,0.996037401254304
110,248,0.9960049596172996
110,330,0.9960049596172996
110,284,0.9960049596172996
54,277,0.9960030509930125
54,329,0.9960030509930125
54,255,0.9960030509930125
54,280,0.9960030509930125
23,36,0.9959717737742924
23,132,0.9959717737742924
23,131,0.9959717737742924
53,84,0.995890317967318
53,204,0.995890317967318
110,241,0.995835344889718
23,129,0.9958322731950766
21,200,0.9958160312395368
54,56,0.995773299092018
54,235,0.995773299092018
54,294,0.9957422978525666
110,201,0.995718270756222
42,301,0.9956530893844916
42,201,0.9956300666598134
53,19,0.9955923503985302
76,255,0.995584671124678
54,152,0.9955404018010318
23,70,0.9955389027744987
42,134,0.995504306997427
54,62,0.9954739039552216
110,20,0.9954378369853788
110,138,0.9954378369853788
110,110,0.9954378369853788
11,269,0.9954376699970562
54,133,0.9954008848776515
23,136,0.9953870086655332
9,330,0.99536561594075
9,219,0.995310710695062
110,207,0.9952795821796228
42,332,0.9952430769233044
42,252,0.9952115121985712
24,156,0.9951988030613468
76,324,0.995198068186608
21,37,0.9951896674106178
21,329,0.9951896674106178
21,42,0.9951896674106178
21,324,0.9951896674106178
21,255,0.9951896674106178
53,50,0.9951587824368372
110,123,0.99510689974888
9,155,0.9950677285235652
9,143,0.9950677285235652
9,160,0.9950677285235652
23,95,0.99506130834572
21,274,0.9950317102920256
11,139,0.9950301008732438
21,177,0.9950004490341008
77,312,0.994961574619898
53,35,0.9948889792193906
53,79,0.9948889792193906
23,35,0.9948889792193906
110,80,0.9948576132953684
110,6,0.9948285686163728
21,270,0.9947896698043744
54,287,0.9947682305417864
29,255,0.9947380163749482
34,236,0.994707633423596
34,156,0.994707633423596
21,331,0.9946997358977075
53,66,0.994693858445698
53,99,0.9946213979335112
42,86,0.9945842713436414
42,60,0.9945842713436414
23,119,0.9945810658696712
9,177,0.9945392409638056
42,73,0.9945267951119336
54,243,0.9945200741403072
110,141,0.9945190824328072
23,10,0.9945063463418828
54,35,0.9944521995965068
11,253,0.9944235473247528
111,120,0.99442168276689
110,289,0.9943492243592136
54,103,0.994329312455212
54,33,0.994329312455212
54,34,0.994329312455212
54,41,0.994329312455212
54,46,0.994329312455212
54,43,0.994329312455212
54,44,0.994329312455212
54,37,0.994329312455212
54,26,0.994329312455212
111,129,0.9942948737140488
21,235,0.994286487679037
23,270,0.9942555852699344
110,107,0.9942324996663828
11,163,0.9942214222319332
54,66,0.9941944927416166
54,205,0.9941929001091214
21,249,0.9941568132413636
88,207,0.9941066077379308
39,207,0.9941066077379308
54,144,0.994090012319821
54,237,0.994090012319821
42,247,0.994083717285106
42,202,0.9940616578654252
21,202,0.9940575912454072
42,204,0.994021977145642
54,233,0.9940034867641726
54,197,0.9940034867641726
24,223,0.9939442677473298
23,133,0.9939294346908892
77,329,0.9939024606319232
11,206,0.9938975066082238
29,324,0.993840755415884
11,91,0.9937644617230624
11,75,0.9937644617230624
34,152,0.993759230719912
53,82,0.9937384541606684
18,37,0.9937376072322156
42,236,0.9937362614856512
42,331,0.9937229271409004
42,255,0.9937154930508706
42,329,0.9937154930508706
110,329,0.9937154930508706
110,312,0.9937154930508706
21,273,0.9936741049823477
21,247,0.9936741049823477
53,49,0.993659085603801
23,21,0.9934923558349876
53,21,0.9934923558349876
110,252,0.9934819960241964
54,246,0.9933810448289264
110,143,0.9933619640345616
110,235,0.9933619640345616
24,331,0.9933444016058532
39,297,0.9933395334806476
21,299,0.9933195997436544
21,160,0.9933195997436544
42,235,0.993300655912448
42,143,0.993300655912448
54,200,0.993288258555762
54,201,0.9932849790050764
24,114,0.9932704186568428
24,150,0.9932132722278916
23,59,0.9932110961704372
11,225,0.9931537025656968
53,10,0.9931170248354813
23,273,0.993102152742186
53,310,0.993102152742186
23,310,0.993102152742186
53,219,0.993102152742186
53,273,0.993102152742186
23,219,0.993102152742186
53,228,0.993102152742186
23,228,0.993102152742186
110,168,0.9930810073700964
21,56,0.9930541473990538
21,143,0.9930541473990538
11,146,0.993037698269162
9,99,0.9929904897610315
53,80,0.9929512625597284
24,249,0.9929166178760718
23,311,0.992885771475277
9,249,0.992879862852633
54,20,0.9927694172076084
54,110,0.9927694172076084
54,122,0.9927694172076084
23,160,0.9927571824117934
23,155,0.9927571824117934
53,155,0.9927571824117934
23,280,0.9927571824117934
53,280,0.9927571824117934
53,160,0.9927571824117934
23,299,0.9927571824117934
53,299,0.9927571824117934
110,70,0.992747216879674
53,321,0.9927234175217782
53,135,0.9927234175217782
23,135,0.9927234175217782
23,321,0.9927234175217782
23,29,0.9927234175217782
53,29,0.9927234175217782
11,333,0.9926849884620712
11,167,0.9926849884620712
11,315,0.9926849884620712
24,238,0.9926744097322892
53,270,0.9926221684493264
74,177,0.9926163258100122
6,27,0.9925033391069684
23,28,0.992430820425784
23,101,0.992430820425784
24,312,0.9923755159950348
53,92,0.9923747408759712
54,80,0.9923563307547856
54,202,0.9923334041456816
23,56,0.9923260606140424
53,56,0.9923260606140424
21,156,0.9923086914109908
21,236,0.9923086914109908
34,301,0.992229837392232
24,282,0.9922199468804124
82,72,0.9921724835670802
4,31,0.9921637929734184
110,274,0.9921415337473136
11,275,0.9920861688295964
11,281,0.9920861688295964
11,276,0.9920861688295964
11,174,0.9920861688295964
53,152,0.9920776871186752
23,152,0.9920776871186752
21,6,0.9920695576687096
110,68,0.9919960025121546
110,40,0.9919960025121546
110,156,0.9919960025121546
110,177,0.9918971353696554
82,36,0.9918777816469566
53,22,0.9918715829966168
53,133,0.991858747321228
54,283,0.991849719519028
12,43,0.9917299247094856
71,43,0.9917299247094856
12,37,0.9917299247094856
37,42,0.9917243556604888
34,78,0.9917145618648636
54,30,0.9917115129706378
54,31,0.9917115129706378
23,249,0.9916026671742264
23,247,0.9915842567842312
53,247,0.9915842567842312
53,78,0.9915842567842312
102,312,0.9915255281112232
42,92,0.9915166844842842
9,235,0.9914951640780486
54,289,0.9914826649358248
24,56,0.9914629969226018
23,22,0.991459081244494
53,72,0.9914290275435468
25,215,0.9914100677143954
105,215,0.9914100677143954
1,215,0.9914100677143954
11,22,0.99136684082088
111,159,0.9913652210804776
111,267,0.9913652210804776
111,151,0.9913652210804776
111,165,0.9913652210804776
23,282,0.991329523854914
53,282,0.991329523854914
23,319,0.9913078518105296
53,319,0.9913078518105296
110,45,0.9912855422508736
42,103,0.9912855422508736
110,245,0.9912855422508736
110,44,0.9912855422508736
110,41,0.9912855422508736
42,26,0.9912855422508736
110,42,0.9912855422508736
42,46,0.9912855422508736
42,245,0.9912855422508736
110,43,0.9912855422508736
42,324,0.9912855422508736
110,324,0.9912855422508736
110,34,0.9912855422508736
110,33,0.9912855422508736
110,32,0.9912855422508736
42,34,0.9912855422508736
110,47,0.9912855422508736
110,37,0.9912855422508736
110,46,0.9912855422508736
110,27,0.9912855422508736
34,29,0.9912389699236052
23,241,0.991205069465937
11,202,0.9912039337792976
110,224,0.9911880784962378
110,218,0.9911880784962378
110,89,0.9911880784962378
110,308,0.9911880784962378
110,48,0.9911880784962378
24,37,0.9911323618593796
24,44,0.9911323618593796
110,54,0.9911290334768726
53,331,0.9911232814676924
23,331,0.9911232814676924
53,329,0.9911187378026236
53,255,0.9911187378026236
23,255,0.9911187378026236
23,329,0.9911187378026236
53,330,0.9910860540752262
53,284,0.9910860540752262
53,248,0.9910860540752262
9,277,0.9910446029329136
53,132,0.9910240327481076
11,303,0.9910034284276028
42,93,0.9909162814916758
42,132,0.9908829101172328
53,76,0.9908725160048056
23,207,0.9908409698397764
21,19,0.9908238722778266
54,107,0.9907955100313448
82,329,0.9907017573825392
82,277,0.9907017573825392
82,255,0.9907017573825392
11,259,0.9907013961607234
11,332,0.9907013961607234
110,164,0.9906916506480484
110,316,0.9906916506480484
82,331,0.9906816401074584
82,223,0.9906816401074584
53,235,0.9905891456804056
23,235,0.9905891456804056
65,37,0.9905177427825236
21,216,0.9905095512803836
74,8,0.9904028790261318
110,53,0.990344081393738
23,20,0.9902465443927374
23,122,0.9902465443927374
23,138,0.9902465443927374
53,311,0.9902216912512783
110,237,0.9902045704064264
82,114,0.9901934407164223
24,143,0.9900936045679832
34,62,0.9900877370139942
29,329,0.9899951872707478
88,143,0.9898743180420768
42,72,0.9898717423891442
23,6,0.9898596721147168
11,71,0.989826580330146
9,164,0.9898241661384238
42,99,0.9898034112856025
53,70,0.9897542345317556
110,200,0.98967139046429
12,41,0.9896164356645186
110,8,0.9895862470416557
81,37,0.989536583288006
23,139,0.9895273897305992
24,152,0.989489306845892
102,255,0.9894859457225206
71,44,0.989466669041974
12,44,0.989466669041974
82,62,0.989455396856313
23,54,0.98945430489263
82,204,0.9894445869374714
53,73,0.9894099950087684
64,215,0.989350616841098
80,215,0.989350616841098
3,215,0.989350616841098
20,215,0.989350616841098
3,31,0.9892745906635638
42,292,0.9892162397722796
110,292,0.9892162397722796
53,216,0.9891821258821054
23,216,0.9891821258821054
82,118,0.9891746267580764
23,206,0.9891492239543164
9,10,0.9891437669943308
81,41,0.9890867222076428
21,141,0.9890491109052512
7,42,0.9890421852244744
7,26,0.9890421852244744
53,106,0.9890288025029138
34,202,0.9890194021305722
53,249,0.9890190229426992
42,95,0.9889038815321708
74,114,0.9889016586367
29,249,0.988888987350765
54,142,0.988874387913471
54,281,0.988874387913471
53,68,0.988830262306438
53,40,0.988830262306438
53,75,0.988830262306438
53,91,0.988830262306438
82,115,0.9888245535034998
26,27,0.9888191164241118
75,297,0.9887900421741866
34,200,0.9886897878906228
110,253,0.9885361911263684
24,132,0.988504388776144
54,70,0.98845472708378
53,207,0.9883418071648996
21,223,0.9883276641341722
21,135,0.9883276641341722
37,312,0.988320380376882
23,89,0.9882967347988008
21,10,0.9882372352307376
110,202,0.9882004927675296
23,204,0.9881897567933784
21,103,0.9881744323028226
29,219,0.988131780046704
110,31,0.988060669891274
110,30,0.988060669891274
110,157,0.9880242562415186
42,242,0.9879100327422916
53,241,0.9879057714891268
53,201,0.9878751269869264
23,201,0.9878751269869264
34,47,0.9878426965837916
34,26,0.9878426965837916
34,42,0.9878426965837916
53,81,0.9878093541460924
9,94,0.9877910052537544
42,82,0.9877852933917944
110,242,0.9877811746754654
24,63,0.9877509156334214
53,41,0.987749861465012
23,41,0.987749861465012
23,245,0.987749861465012
23,37,0.987749861465012
53,42,0.987749861465012
53,334,0.987749861465012
23,26,0.987749861465012
53,26,0.987749861465012
23,334,0.987749861465012
23,27,0.987749861465012
53,27,0.987749861465012
53,47,0.987749861465012
23,47,0.987749861465012
53,46,0.987749861465012
23,46,0.987749861465012
23,324,0.987749861465012
23,42,0.987749861465012
53,245,0.987749861465012
23,32,0.987749861465012
23,45,0.987749861465012
53,32,0.987749861465012
53,44,0.987749861465012
53,33,0.987749861465012
53,324,0.987749861465012
23,34,0.987749861465012
53,34,0.987749861465012
23,44,0.987749861465012
23,43,0.987749861465012
53,37,0.987749861465012
53,45,0.987749861465012
42,115,0.9876875135913904
11,248,0.9876167210891174
11,308,0.9876167210891174
11,224,0.9876167210891174
11,218,0.9876167210891174
11,162,0.9876167210891174
11,217,0.9876167210891174
11,330,0.9876167210891174
76,249,0.9876057588016138
42,270,0.9874351654511464
85,31,0.9873658561069192
21,289,0.9873277727301472
75,41,0.9872551893686964
3,41,0.9871818123128772
47,37,0.9871548647426532
82,46,0.9871434534741346
82,47,0.9871434534741346
82,324,0.9871434534741346
82,43,0.9871434534741346
82,334,0.9871434534741346
82,37,0.9871434534741346
82,42,0.9871434534741346
82,44,0.9871434534741346
82,33,0.9871434534741346
82,34,0.9871434534741346
82,45,0.9871434534741346
82,245,0.9871434534741346
82,41,0.9871434534741346
82,26,0.9871434534741346
11,36,0.9871150546272668
11,28,0.9871150546272668
111,132,0.987095591008816
74,330,0.9870509266014044
96,27,0.9870365074246512
53,6,0.9870242805233692
9,282,0.9870024341135468
23,252,0.9869967046859434
54,40,0.9869719160149354
54,91,0.9869719160149354
54,236,0.9869719160149354
54,68,0.9869719160149354
21,62,0.986941631375236
61,27,0.9869172695987982
82,35,0.9868675780816936
42,119,0.9868440687402232
9,114,0.9868095215556852
65,30,0.9868081237151092
50,37,0.9867532298476248
34,84,0.9867323129630116
54,85,0.9867132861120226
3,43,0.986554466336016
7,245,0.9865093731349028
53,138,0.9865078645403584
53,122,0.9865078645403584
53,20,0.9865078645403584
9,241,0.986429520534292
42,98,0.9864265288547835
9,157,0.986393755798916
82,59,0.9863582168835844
23,51,0.9862612463584856
21,66,0.9862222336800972
54,84,0.9862159721261
23,113,0.9861968139945614
21,244,0.9861954295102392
34,158,0.98608659665114
34,178,0.98608659665114
81,43,0.986010595915278
24,111,0.9859981821569116
11,70,0.9859899002340472
102,329,0.9859832752054342
54,244,0.985933323771307
110,114,0.9859155747406708
6,44,0.98580390957276
18,44,0.98580390957276
111,49,0.9857694914718832
11,236,0.985764652018239
42,104,0.9857447735332532
11,322,0.985730422430902
53,305,0.9856272302092512
11,277,0.9854947659180084
54,146,0.9854448060147712
75,23,0.9854393154824124
21,86,0.9853928422299252
53,141,0.9853766827266782
23,141,0.9853766827266782
11,219,0.9853682829282486
11,273,0.9853682829282486
53,200,0.985291567609074
53,289,0.9852534560563384
24,231,0.9852341407992564
72,42,0.9852320226197656
7,30,0.9851892448257086
24,310,0.9851564490473802
81,31,0.985100505190087
74,49,0.9850995367156404
53,109,0.9850381411636016
21,219,0.9848187159388472
74,164,0.9848168588014784
82,28,0.9848063197201786
71,41,0.9847778907712368
42,74,0.9847605071825412
76,245,0.984664245098031
102,324,0.9846330780860908
11,140,0.9846225876093406
54,300,0.9846027895463382
82,200,0.9845977023270612
42,24,0.9845817077581648
42,117,0.9845055493974636
11,21,0.984481912126204
54,253,0.9844243198161172
110,24,0.9844202629874124
72,43,0.9843209613340566
24,296,0.9842921981335778
54,53,0.9840499786512562
3,39,0.98404557257563
85,39,0.98404557257563
21,277,0.9840370436234552
21,280,0.9840370436234552
21,155,0.9840370436234552
21,334,0.9840370436234552
9,273,0.9839704428004172
50,44,0.9839022680970057
74,143,0.9837776111404126
110,154,0.9837755920647016
74,289,0.9837565123629852
23,30,0.9837432797741869
53,31,0.9837432797741869
53,30,0.9837432797741869
23,31,0.9837432797741869
6,31,0.9836803970835674
82,21,0.9836388821515772
7,47,0.983636631998278
7,34,0.983636631998278
7,46,0.983636631998278
53,202,0.9836148470341434
88,157,0.9834535451602614
110,126,0.9833045843491556
21,252,0.9832873835194644
54,134,0.9832773479306928
47,31,0.9832650565901556
11,54,0.983264884303522
53,168,0.983226973448367
9,56,0.9832240168403018
53,312,0.9831936966012026
23,312,0.9831936966012026
111,83,0.983164568611258
34,242,0.9831567420718664
36,44,0.9831133300528304
29,143,0.9830726580125766
21,122,0.9830586518579232
23,177,0.9830352550544768
11,56,0.9830240240180096
110,93,0.9830051627252104
85,37,0.982970221151956
11,135,0.9829307129975368
11,29,0.9829307129975368
11,223,0.9829307129975368
16,43,0.9828998044131309
82,110,0.9828963385630684
82,30,0.9828949143211746
82,31,0.9828949143211746
82,219,0.9828843182391328
82,273,0.9828843182391328
82,310,0.9828843182391328
76,19,0.9828327199690854
76,47,0.9827768225922472
65,31,0.9826955574925852
110,167,0.9826649837155256
75,46,0.9825682338942078
24,240,0.9825486711199998
24,254,0.9825486711199998
53,252,0.9824434645528322
82,249,0.9824353501664786
24,277,0.98238017156201
53,71,0.982377559208355
74,64,0.9823416813981936
65,41,0.982316482631056
74,329,0.9823140275965142
74,152,0.9822313231287216
42,177,0.9822304933189724
24,200,0.98217067983065
111,89,0.982164350814738
76,39,0.9820832893858952
82,155,0.9820720093336992
82,160,0.9820720093336992
82,312,0.9820720093336992
21,147,0.9820533267149942
9,334,0.982023156089443
9,27,0.982023156089443
9,245,0.982023156089443
53,143,0.9820101740479256
23,143,0.9820101740479256
110,113,0.981883317451944
23,110,0.9818364664884492
21,91,0.9817265382590088
111,332,0.9817256745991704
26,44,0.9817219128504012
34,204,0.9817057569733052
82,135,0.981680737693215
82,29,0.981680737693215
110,98,0.9816541472245076
80,39,0.9816378272530408
37,45,0.98159354341513
42,200,0.98152743764336
88,155,0.9815098663087164
74,156,0.9813070345882104
96,30,0.9812934959903056
23,237,0.981271365595412
111,90,0.9812201355206164
82,252,0.98117460145652
75,299,0.981169332155094
110,79,0.9811638808281512
111,119,0.9811507886141384
51,297,0.9810932272052256
110,163,0.9810786933050136
11,107,0.9810726306090752
11,58,0.9810726306090752
21,50,0.9810615644958612
99,312,0.9808125657262976
76,143,0.9807566779687068
82,56,0.98073355950911
82,143,0.98073355950911
26,30,0.9807049875331456
9,80,0.980630133801964
74,22,0.9806078486888276
82,206,0.98055938969587
111,96,0.980512753597536
34,196,0.9804713719704088
76,31,0.9803693706723547
110,117,0.980348192618811
83,31,0.9803273399858348
83,27,0.9803070822657468
84,27,0.9803070822657468
76,157,0.9802753201618422
6,41,0.9802695724776151
9,47,0.9802050141094696
9,45,0.9802050141094696
9,37,0.9802050141094696
9,44,0.9802050141094696
9,329,0.9802050141094696
9,255,0.9802050141094696
72,46,0.9802017121201864
37,46,0.9802017121201864
74,312,0.9801929837298068
12,32,0.9801510178307666
80,41,0.9801304481756824
74,65,0.9800981633501492
82,152,0.9800802767202262
111,187,0.9800380462253984
74,104,0.979982911865978
18,30,0.979819079851058
81,44,0.9797921373293632
84,44,0.9797330550107868
83,44,0.9797330550107868
21,53,0.979683727914138
110,85,0.9796234506094916
42,85,0.9796234506094916
39,143,0.979620366343721
25,143,0.979620366343721
1,143,0.979620366343721
51,143,0.979620366343721
105,143,0.979620366343721
53,218,0.9796023931318004
53,217,0.9796023931318004
53,224,0.9796023931318004
53,308,0.9796023931318004
53,89,0.9796023931318004
53,48,0.9796023931318004
23,248,0.9795586271934784
108,331,0.9795493642439
96,44,0.979530420541132
111,183,0.9794377525852792
111,188,0.9794377525852792
91,177,0.9794123289779896
82,6,0.9793958802015444
11,184,0.9793875879446244
7,143,0.9793548958183628
7,160,0.9793548958183628
11,133,0.9793231635639692
11,84,0.9793231635639692
23,91,0.9791283355451026
23,40,0.9791283355451026
42,282,0.9790520911829652
9,252,0.9790246845416656
110,58,0.9790012267794174
110,49,0.9789321654665982
9,6,0.9788671981998648
54,114,0.978841954713433
77,331,0.9788139272617294
81,46,0.9787772349852516
34,139,0.9786907447207136
110,244,0.978653766498976
21,72,0.9786007478706852
37,324,0.9785898460846786
72,324,0.9785898460846786
53,54,0.9784570156167752
11,158,0.9784040194651392
110,2,0.9783367688892258
111,241,0.9783039705297942
82,139,0.9782269975435516
85,46,0.9781945087129634
53,60,0.9781529434333366
53,86,0.9781529434333366
53,156,0.9781154239792456
74,280,0.9780120637079794
16,46,0.9779588013050508
83,32,0.9778920260482902
85,215,0.9778691471422244
22,215,0.9778691471422244
53,274,0.9777687420135208
23,274,0.9777687420135208
110,57,0.9776929276554251
7,223,0.9776015097176888
34,7,0.9775712851469802
34,108,0.9775712851469802
53,96,0.9775287403149372
111,280,0.9774906936549118
76,46,0.9774461739211868
11,299,0.9774384006962532
74,55,0.9773814546780438
0,37,0.9772727775576612
40,27,0.9772088097683264
83,41,0.9771971881373688
76,1,0.9771133828730848
11,24,0.9770079979191236
9,50,0.97696715575457
74,222,0.9769386730456062
0,45,0.9769373715231104
34,28,0.9769038983242408
34,36,0.9769038983242408
53,177,0.9768884697803876
36,41,0.9768857862061772
85,252,0.976837729823582
75,31,0.9767563136220194
76,289,0.9764685309452412
11,311,0.9763962140817948
34,187,0.9763626294408442
57,32,0.976317923065904
47,32,0.976317923065904
11,35,0.9762996244169247
34,184,0.976251105507492
110,104,0.976196720950446
110,28,0.9761584454593648
110,36,0.9761584454593648
42,274,0.9761288637283406
9,292,0.976120978131916
29,157,0.9760393211095344
21,2,0.9759962878105032
42,141,0.9759678313355704
103,27,0.9759661416477136
9,289,0.9758796163484428
75,37,0.9757977355116428
21,64,0.9757892324043248
53,237,0.9757204711550256
11,141,0.975667759642698
11,68,0.9756615511949706
11,40,0.9756615511949706
3,46,0.9755823371819672
111,8,0.9755332786159964
23,126,0.9755211807669164
75,43,0.9754719962999986
110,225,0.9754558934203168
16,44,0.9754282480608116
82,202,0.9753806969954264
74,159,0.975364761782655
110,306,0.9752813978684254
9,280,0.9752685591313528
110,147,0.9752655819631608
111,329,0.9752277413811736
3,252,0.9751775687323028
110,307,0.9751664355605972
54,93,0.9750485152937656
74,248,0.974996379966585
7,53,0.9749781576333628
6,32,0.9749750633129776
23,292,0.9749476765140784
53,292,0.9749476765140784
42,112,0.9749467034345954
34,325,0.9749352162136368
74,245,0.9749297756260564
23,69,0.974883928917174
24,313,0.974877747886373
24,307,0.974877747886373
26,33,0.9746646949634838
54,270,0.9746027627802164
111,130,0.974574804064253
111,69,0.974574804064253
23,316,0.9745650475918548
23,164,0.9745650475918548
53,164,0.9745650475918548
53,316,0.9745650475918548
34,177,0.9745492830684348
11,66,0.9743952164200852
110,64,0.9743765772670177
110,65,0.9743765772670177
94,143,0.9743470338749576
38,143,0.9743470338749576
2,143,0.9743470338749576
55,143,0.9743470338749576
28,143,0.9743470338749576
5,143,0.9743470338749576
92,143,0.9743470338749576
53,8,0.9743254708133552
53,303,0.9743254708133552
29,141,0.974256480606641
87,27,0.9742490143488124
34,93,0.97422901470935
9,168,0.9742114431070108
77,241,0.9742064836812324
16,31,0.9741983741210256
34,112,0.9741796778768028
23,202,0.974100190629451
24,40,0.9739903827033064
24,68,0.9739903827033064
24,75,0.9739903827033064
77,245,0.9739797146687584
21,69,0.9739136886607428
11,312,0.973860012537944
11,329,0.973860012537944
11,255,0.973860012537944
11,89,0.973747200179678
21,292,0.9737115884696336
3,37,0.973687279458315
58,27,0.973654938813615
48,27,0.973654938813615
99,42,0.9735459109642975
110,184,0.9733889755989118
34,39,0.9732277132536964
29,252,0.97322592578124
24,273,0.9732064262560446
24,219,0.9732064262560446
50,31,0.9731642225521884
9,274,0.9731573269431216
29,135,0.9731326475705424
21,70,0.9730830547005384
23,58,0.9730448413834294
23,107,0.9730448413834294
23,325,0.9730448413834294
24,155,0.973042381303168
24,160,0.973042381303168
82,19,0.9729448845850696
85,32,0.97289222403399
29,37,0.972891982910004
77,44,0.9728652622561492
77,41,0.9728652622561492
57,44,0.9728273879948832
47,44,0.9728273879948832
68,44,0.9728273879948832
66,27,0.9727732090614272
54,126,0.9726973407406904
0,44,0.9726969972527576
11,165,0.972681042109484
11,151,0.972681042109484
53,236,0.9725535059413694
29,289,0.9725305922908444
34,151,0.9724744053140332
75,20,0.972352874197246
54,132,0.9723389499413836
24,60,0.9722751455519516
110,301,0.9722192912825668
29,245,0.9722015298857324
34,138,0.9721157343437168
74,284,0.9721013695450575
110,55,0.9720835228152602
110,121,0.9720835228152602
42,164,0.9720737254286032
91,33,0.9720187096130508
91,26,0.9720187096130508
91,43,0.9720187096130508
102,245,0.9720060267859396
24,129,0.9719763535279508
79,43,0.9719209123578254
9,331,0.9719085251763112
60,27,0.9719004268879208
93,27,0.9719004268879208
34,198,0.9718060816147376
24,276,0.971772890633452
24,174,0.971772890633452
24,275,0.971772890633452
65,32,0.971498749938765
82,84,0.971443356094358
18,41,0.9713279444562966
53,253,0.971295600972274
74,32,0.9711943528105994
74,46,0.9711943528105994
74,30,0.9711943528105994
103,33,0.9710045638454916
103,334,0.9710045638454916
11,241,0.970981938080308
11,53,0.970981938080308
97,44,0.9709333937043784
1,20,0.9709291777728284
105,20,0.9709291777728284
25,20,0.9709291777728284
11,142,0.9709067258677786
53,2,0.9708181818061536
21,73,0.9706981493795628
11,62,0.9706708576594402
11,310,0.9706708576594402
11,63,0.9706708576594402
24,33,0.9706331238582644
24,41,0.9706331238582644
24,34,0.9706331238582644
24,32,0.9706331238582644
24,43,0.9706331238582644
82,2,0.9705767016088378
82,121,0.9705767016088378
16,45,0.9704995765793571
80,252,0.9703984306874628
23,157,0.9703795766883846
53,157,0.9703795766883846
69,30,0.9703356018705048
24,252,0.9702494463857716
42,165,0.9701940294760624
42,151,0.9701940294760624
42,267,0.9701940294760624
91,143,0.970174027633798
91,160,0.970174027633798
53,154,0.9700291197152524
65,43,0.9700110129725068
7,312,0.9699664805327636
54,98,0.9699296746394211
96,33,0.9698879410222354
11,313,0.9698261148647576
11,307,0.9698261148647576
65,45,0.9698131205299236
21,98,0.9697963117737154
77,274,0.969763319306828
40,334,0.9696372764162604
54,113,0.9695056239162
102,37,0.9694592747809676
102,30,0.9694592747809676
110,72,0.9694512328396852
76,141,0.9693926432938292
82,73,0.969348980607086
11,235,0.9692734429633224
75,207,0.9691470546402527
80,37,0.9691232987669552
11,177,0.9691087421369527
11,331,0.9690947043879008
24,332,0.9690879689326228
24,259,0.9690879689326228
7,273,0.9690850056676182
54,79,0.9690805053022136
89,31,0.9690750828173812
15,31,0.9690750828173812
34,68,0.9690477552816992
45,27,0.9689849102453054
11,270,0.9689565838371416
34,107,0.9689300325613032
34,58,0.9689300325613032
82,241,0.9689152516539706
53,242,0.968912425113481
23,242,0.968912425113481
75,147,0.9688418971864396
57,30,0.9687890720932892
54,58,0.96875310551849
110,150,0.968670846552936
7,274,0.9686461172919222
42,51,0.9686113530221216
32,27,0.9685103548848444
11,260,0.9684555667823124
11,261,0.9684555667823124
37,141,0.9684554169840742
72,141,0.9684554169840742
77,141,0.9684305248772602
91,6,0.9684033596048832
11,8,0.9680760548135954
11,44,0.9679858661534984
11,32,0.9679858661534984
11,37,0.9679858661534984
11,43,0.9679858661534984
11,33,0.9679858661534984
11,42,0.9679858661534984
11,45,0.9679858661534984
11,46,0.9679858661534984
11,245,0.9679858661534984
11,27,0.9679858661534984
11,47,0.9679858661534984
11,34,0.9679858661534984
11,334,0.9679858661534984
11,41,0.9679858661534984
11,324,0.9679858661534984
29,270,0.9679794067036436
7,200,0.9679723124071572
16,32,0.967964350664228
7,249,0.9679415894225536
82,86,0.967919920249395
23,184,0.9679137903129632
102,157,0.9678859105448996
42,253,0.9678807153138206
80,31,0.96787883693232
31,30,0.9678526633673808
36,33,0.967763819806802
105,147,0.96763971956928
25,147,0.96763971956928
11,201,0.9676167790614972
11,231,0.9676153832564796
11,30,0.9675872965217238
21,76,0.9675781435276002
7,56,0.9675702791155988
54,316,0.9675682941272584
84,33,0.9675673877779084
53,36,0.9675656839450316
98,334,0.9675645106865728
102,44,0.9675634388873522
102,41,0.9675634388873522
58,334,0.967563428782666
48,334,0.967563428782666
42,322,0.9675590888082866
82,53,0.9675588778845002
88,153,0.9675571536864722
51,147,0.9675504428872098
88,147,0.9675504428872098
71,42,0.9675495432343244
42,259,0.9675478017738344
72,255,0.9675466403032754
73,45,0.9675456460738058
34,67,0.967537366461261
34,48,0.967537366461261
74,43,0.9675342496878544
74,44,0.9675342496878544
74,47,0.9675342496878544
74,31,0.9675342496878544
86,334,0.9675317379352504
61,30,0.967529430526444
22,30,0.9675241343747608
72,47,0.9675228971038194
111,47,0.9675205352200292
111,245,0.9675205352200292
111,37,0.9675205352200292
51,155,0.9675204232815828
24,91,0.9675120741296744
74,155,0.9675085022777644
37,245,0.9675075250217476
21,126,0.9674389148443522
67,45,0.9674198802211866
54,117,0.9674131517566756
110,105,0.9674048186399165
18,43,0.967390265421328
111,292,0.9672536332309216
80,20,0.9672254474401092
3,20,0.9672254474401092
20,20,0.9672254474401092
75,52,0.9671954532127904
87,44,0.9671933383044936
9,312,0.9671044945397438
4,27,0.9670991136001236
99,39,0.9670990655256362
86,27,0.9670775093673332
11,282,0.96700882904917
53,65,0.9669402562384944
88,138,0.9669320732625216
110,76,0.9669052733933668
110,7,0.9667657274330076
24,225,0.9667653388351916
111,322,0.966704859400636
111,52,0.966704859400636
42,54,0.9666648520744084
0,46,0.9666602823483696
91,10,0.96665429549141
7,289,0.9664597918122182
21,113,0.9664423508677308
110,290,0.966441308963902
110,197,0.966441308963902
110,238,0.966441308963902
21,301,0.966440864033851
83,37,0.9664012695730756
50,32,0.966399281961724
81,30,0.9663918648433538
36,31,0.9661325356092204
24,55,0.9660146048974484
9,147,0.965939699628431
54,2,0.9658897240516224
76,334,0.9657367556739508
26,31,0.9657235832828224
23,71,0.9656726280504108
76,270,0.9654889035613178
91,31,0.9653350995261958
11,19,0.9653342256732356
82,20,0.9653150605436612
82,122,0.9653150605436612
42,163,0.965258911012822
42,289,0.9652242691400196
25,297,0.9652065908585438
1,297,0.9652065908585438
93,297,0.9652065908585438
31,45,0.965160044610474
110,139,0.9651412961084525
72,32,0.9651361545862172
93,23,0.9649726304348518
1,23,0.9649726304348518
25,23,0.9649726304348518
91,249,0.9649605510862922
21,54,0.9648741665052184
82,134,0.9648350681600631
99,270,0.9647954330568392
24,255,0.964768423497984
24,334,0.964768423497984
24,45,0.964768423497984
24,27,0.964768423497984
67,27,0.964741094006823
70,27,0.964741094006823
77,46,0.9647007372552504
98,27,0.9646810531756312
72,30,0.9646733927790618
34,52,0.9646679520284208
18,31,0.9646547139819708
91,19,0.9645567135041953
7,19,0.9645567135041953
87,334,0.9645472772442908
53,129,0.9645121450076012
54,75,0.9644592718195988
53,24,0.964455652339402
42,225,0.9644426195742204
45,33,0.9643912788036468
110,243,0.9643500411585472
24,119,0.964339235327279
42,279,0.964254018756691
82,274,0.9642373172246066
40,30,0.964219254732684
9,111,0.9642040210417362
23,112,0.9641117657751912
11,134,0.9639466219717868
102,249,0.9639311276544662
42,146,0.963798294103261
0,26,0.9637446661668568
11,152,0.9636054451599182
23,301,0.963474812129424
50,45,0.9634379684069484
7,35,0.9633790392312216
42,276,0.9633485334486868
42,174,0.9633485334486868
42,275,0.9633485334486868
42,281,0.9633485334486868
34,183,0.9631776108736144
34,189,0.9631776108736144
34,181,0.9631776108736144
34,188,0.9631776108736144
54,36,0.963086185745854
54,28,0.963086185745854
110,100,0.9629922470827744
70,33,0.9629374947054316
70,334,0.9629374947054316
67,334,0.9629374947054316
67,33,0.9629374947054316
111,56,0.9629289228233152
111,141,0.962886609994664
11,249,0.9628472169711548
103,30,0.9628451850221988
111,312,0.9627627091609476
51,157,0.9626515000787126
25,157,0.9626515000787126
105,157,0.9626515000787126
82,177,0.9625280686919304
11,300,0.9625251110641584
74,154,0.962375485719391
42,118,0.9620700597793564
74,129,0.9620406248466196
9,201,0.9619800334874848
76,252,0.9619355474991376
42,156,0.9619345676870577
77,47,0.9618176809554144
77,202,0.9617651534490844
74,48,0.9615968670487582
42,22,0.9615942558778804
93,30,0.961580706079242
60,30,0.961580706079242
54,301,0.9615533851687172
0,33,0.9615465869911244
32,33,0.9615007514600008
23,200,0.9614407042723287
78,30,0.961414792051535
21,93,0.9614074870460344
29,46,0.961342769846125
11,164,0.9613402360158808
11,274,0.9613402360158808
77,157,0.9612429095436328
42,77,0.96105239730123
42,83,0.96105239730123
42,131,0.96105239730123
110,120,0.961045575414144
7,219,0.9609639813688784
11,290,0.9606700543106516
91,223,0.9606503871385556
74,249,0.9606336957430108
77,56,0.96057628613667
4,33,0.9605028193895344
75,39,0.9604039521285702
66,334,0.9603842636159688
42,167,0.9602883876807355
42,333,0.9602883876807355
99,10,0.9602472659755448
110,96,0.9602016468441577
76,29,0.9601465937649576
23,48,0.960131610723051
23,7,0.960131610723051
23,100,0.960131610723051
54,184,0.9600540075415968
110,109,0.9598956328239426
9,134,0.9598009573900776
42,114,0.9597549585931202
99,41,0.9595755846962408
91,46,0.9595733299816116
91,34,0.9595733299816116
91,47,0.9595733299816116
82,316,0.9593864500436186
82,164,0.9593864500436186
0,31,0.9593468090597153
11,59,0.9592301560340074
83,252,0.9591317836716432
7,155,0.9590314499252518
78,32,0.9590226251020368
21,75,0.9589796704329324
23,8,0.9589142560227693
76,273,0.9589036894129128
11,108,0.9588594417694362
11,284,0.9588594417694362
11,48,0.9588594417694362
11,7,0.9588594417694362
11,105,0.9588594417694362
11,67,0.9588594417694362
82,102,0.9588162627410765
75,282,0.9587077383218656
36,141,0.9586955240257324
9,8,0.9585859959347416
42,269,0.9585803005304514
34,98,0.958377132686744
31,31,0.9582931685571032
11,237,0.95827220568363
34,35,0.958166908674144
7,40,0.9579965157305436
34,91,0.9579075875590064
45,334,0.957739477063341
110,119,0.9576382995661724
111,95,0.9575724729737822
77,255,0.9575295068408716
102,289,0.9575217644484516
110,81,0.9574733551007936
111,150,0.957455860655559
24,62,0.957438590209029
72,26,0.9573811993616924
37,26,0.9573811993616924
82,136,0.9573547732155196
34,95,0.9573444272751548
11,77,0.9573304812972953
11,101,0.9573304812972953
11,83,0.9573304812972953
11,131,0.9573304812972953
82,236,0.9572161320651766
82,68,0.9572161320651766
82,91,0.9572161320651766
82,40,0.9572161320651766
83,45,0.9571959162790776
11,304,0.95718569268867
24,31,0.957183279454625
24,30,0.957183279454625
102,47,0.9571724474927192
24,134,0.9570093502077804
82,10,0.9569120278092552
110,269,0.9568783311782284
23,236,0.9566210654263636
105,297,0.9565765662958128
24,72,0.956566451428783
68,32,0.9565596471035162
9,23,0.9564211353679342
16,23,0.9564198127509932
105,27,0.9563530447347608
111,238,0.9563520000529796
111,233,0.9563520000529796
111,290,0.9563520000529796
94,245,0.956277648426409
94,310,0.956277648426409
2,245,0.956277648426409
2,310,0.956277648426409
91,202,0.9562628248496072
76,219,0.956226080391657
11,246,0.9561268197612848
102,46,0.9560664798450929
34,0,0.9558632246920729
31,32,0.95567812323585
42,123,0.9556718399996674
77,282,0.9556523365751064
21,118,0.955621877341033
46,334,0.955619747254208
46,33,0.955619747254208
75,215,0.9556135394826072
21,115,0.95552971505562
2,277,0.9551798421757368
28,277,0.9551798421757368
94,277,0.9551798421757368
38,277,0.9551798421757368
55,277,0.9551798421757368
23,2,0.955127360272892
1,207,0.9549351562389236
93,207,0.9549351562389236
111,131,0.954860823111778
77,249,0.9548485207106155
42,110,0.9548451667165976
21,28,0.954786854466962
21,36,0.954786854466962
76,21,0.954752168571331
108,8,0.9547450186953244
64,6,0.9546287348174332
11,205,0.9545602168864152
99,47,0.954385244326022
51,215,0.9542745985002704
39,215,0.9542745985002704
88,215,0.9542745985002704
7,157,0.9542417014856068
61,23,0.9542011266209652
57,23,0.9542011266209652
64,23,0.9542011266209652
80,23,0.9542011266209652
22,23,0.9542011266209652
26,23,0.9542011266209652
20,23,0.9542011266209652
60,23,0.9542011266209652
40,45,0.9541142884995074
23,306,0.9541087496675308
34,251,0.9540991599066836
104,45,0.9539592936537424
111,282,0.9539118604600678
42,8,0.9538944300345048
54,121,0.9538419638599324
23,307,0.9537777914815412
23,313,0.9537777914815412
3,44,0.953743730828069
53,167,0.9536940905534852
61,33,0.9536310646221278
111,142,0.9535336272671264
18,46,0.9534627478623812
110,124,0.9534284670739168
26,334,0.9534178532530728
27,44,0.9529122765679988
78,44,0.9528376839702396
108,159,0.9527368915754968
75,252,0.9527287292091382
9,284,0.952574956528777
4,334,0.9525529507000822
23,294,0.9525255303674562
20,147,0.9525226579704026
64,147,0.9525226579704026
3,147,0.9525226579704026
80,147,0.9525226579704026
53,69,0.9523981469759866
91,334,0.9523787063699708
36,46,0.9523647948746166
111,136,0.9523548270666946
75,44,0.9522698689485152
0,30,0.9522528706201804
96,334,0.9521471289787988
54,72,0.952127576450834
22,44,0.9520892358956088
102,141,0.9520186105195936
34,148,0.9519957837238504
87,31,0.9519741197660672
79,31,0.9519741197660672
66,31,0.9519741197660672
110,146,0.9518921624394544
110,283,0.9518592408991826
11,319,0.9515536713944022
111,38,0.9513540957462692
111,3,0.9513540957462692
111,87,0.9513540957462692
111,9,0.9513540957462692
111,4,0.9513540957462692
111,5,0.9513540957462692
111,23,0.9513540957462692
111,158,0.9513540957462692
42,154,0.951220189480944
111,249,0.9511892319119716
110,264,0.951180371132924
9,48,0.9510993439375078
6,46,0.9510922041085136
69,33,0.951047348820151
105,23,0.9510305660057292
37,157,0.950986210950463
72,157,0.950986210950463
77,223,0.950963181705185
21,157,0.95077252407292
76,310,0.9506144854864664
99,29,0.950202726122518
93,33,0.9499670106620964
60,33,0.9499670106620964
58,30,0.9496255689458736
48,30,0.9496255689458736
32,44,0.949536861374476
11,78,0.9495134505171814
37,329,0.9494705458590962
72,329,0.9494705458590962
9,60,0.9494315425538769
85,33,0.949409196328464
91,219,0.9492856358009512
53,58,0.9492407851885838
87,30,0.9492295279852846
45,44,0.9491911853442908
99,255,0.9491825441430388
29,273,0.94913784392807
53,74,0.9491048484621076
68,33,0.9488424751807396
3,32,0.9487635485574212
24,50,0.9487342444592256
42,159,0.948698659436694
53,163,0.948657841908784
23,144,0.9485291463299846
34,149,0.9484184107757356
74,303,0.9482877956851254
91,64,0.9481724700573084
42,300,0.948121872799161
74,10,0.9480113920980502
0,32,0.9480018737219508
53,57,0.9479679938301496
23,57,0.9479679938301496
11,2,0.9476530643855312
13,33,0.9476482470762996
13,334,0.9476482470762996
99,27,0.947583631171138
84,45,0.9475573812553976
9,49,0.9475311449310204
91,155,0.94746618463958
24,269,0.9473636810167512
82,107,0.9473015588067888
99,299,0.9472234127579164
37,299,0.9471575113067776
54,86,0.9471563565758168
9,78,0.9471128877235484
77,280,0.9469851749200898
16,324,0.9469169377324268
11,52,0.9469046495216834
99,6,0.9468940082297188
11,95,0.9468561782440372
85,30,0.946714937324001
45,30,0.9467105928328003
42,147,0.9466940453374378
111,310,0.946653383239092
42,90,0.9466360450764214
111,60,0.9464724075937287
105,207,0.9464638630828124
32,30,0.9463869706038875
24,99,0.9463173290201256
24,110,0.9463173290201256
99,45,0.9462954380327352
9,303,0.9462732759001184
36,249,0.94625296256633
53,64,0.9461421521428898
35,27,0.9461193963220288
99,37,0.946062653922568
99,43,0.946062653922568
65,334,0.94596845498258
108,241,0.9459107483078968
86,30,0.9456234096846704
108,312,0.945614759917324
16,33,0.945507547198891
70,45,0.9454824732578142
110,112,0.9453006609856204
34,206,0.9452555457932322
98,30,0.9450896312890208
14,27,0.9450677014741627
17,334,0.9450677014741627
14,33,0.9450677014741627
17,33,0.9450677014741627
14,334,0.9450677014741627
17,27,0.9450677014741627
30,32,0.9450596438753964
9,151,0.944920272049587
110,234,0.9449190363309352
77,289,0.944917174123147
22,252,0.9448526290472806
11,90,0.944812698736768
11,119,0.944812698736768
99,1,0.944764681383441
36,42,0.9447215738853096
29,21,0.944638824132766
29,155,0.9446009208571432
11,238,0.9441814487463002
105,30,0.9439633436486649
75,143,0.943927616642597
83,46,0.9438992482330156
75,28,0.9435758228197626
75,45,0.9435672122141217
66,44,0.9435000683353902
23,130,0.9433751063132464
74,23,0.9432984776986876
91,274,0.9431735476950502
75,29,0.9430807723529032
53,244,0.943057380731969
111,270,0.9430443246212634
50,46,0.9430248964155916
23,231,0.9429764281307002
11,104,0.9429569874467278
29,301,0.9429331674102518
21,79,0.9428724303120766
38,310,0.9427317209040976
5,245,0.9427317209040976
55,310,0.9427317209040976
92,245,0.9427317209040976
5,310,0.9427317209040976
38,245,0.9427317209040976
92,310,0.9427317209040976
74,308,0.9426178060442788
16,215,0.9425814218437312
11,207,0.9424120699956586
23,150,0.9423927357941794
22,20,0.9423734126909752
85,20,0.9423734126909752
36,26,0.9422775335380748
53,306,0.9422595130208092
111,236,0.9418184641614918
111,91,0.9418184641614918
108,165,0.9417578454603756
91,53,0.9416917577251692
110,262,0.9416647907666488
97,33,0.9416309559152364
53,102,0.9415072767771576
29,235,0.9415026203354732
54,109,0.9414765508472328
80,27,0.9414618224962256
111,68,0.9413781534427844
111,40,0.9413781534427844
111,75,0.9413781534427844
108,10,0.9411626785043136
91,40,0.9411505595068292
53,313,0.9410648780599836
53,307,0.9410648780599836
53,225,0.94095464655893
61,297,0.940949821960257
57,297,0.940949821960257
64,297,0.940949821960257
60,297,0.940949821960257
80,297,0.940949821960257
22,297,0.940949821960257
20,297,0.940949821960257
26,297,0.940949821960257
111,54,0.9409195584473572
21,106,0.9408141485269976
47,45,0.9405512202443216
11,149,0.940483856597115
9,270,0.9404462113689058
11,10,0.9404150876093968
11,6,0.9404150876093968
111,231,0.9404029396162068
21,117,0.9400434154670416
34,8,0.9399801520502024
74,60,0.9399238579064096
80,324,0.9398203927663608
99,46,0.939807191280846
11,103,0.9397026170465096
66,30,0.9396997625564444
74,40,0.939677989840477
74,236,0.9396514611590226
93,143,0.9394806213464802
80,43,0.939450833210591
29,310,0.9394493932066854
26,45,0.9393703212913608
84,43,0.93935162440764
83,43,0.93935162440764
108,177,0.9393263762263364
7,252,0.9392978711465236
3,23,0.9391383507110608
85,23,0.9391383507110608
21,71,0.9390768667215048
11,240,0.9390476396662002
99,264,0.9390390647273408
53,294,0.9390304863589056
7,23,0.9389780839832432
15,44,0.9389681420097384
89,44,0.9389681420097384
42,111,0.9388184226595508
102,143,0.9388064633345256
91,277,0.9387958895737498
86,45,0.9387518192182088
103,45,0.9387518192182088
74,68,0.9387365347701976
74,75,0.9387365347701976
82,22,0.9385546949758824
102,252,0.9384570966854212
53,301,0.9384035194038072
108,274,0.9383470061340252
53,28,0.938324640839909
13,30,0.9381550487329576
75,32,0.9380306950265672
74,277,0.9379531037479624
54,168,0.9379195101858832
99,44,0.9378894688692652
82,157,0.9378617923945292
83,334,0.937821419201709
84,334,0.937821419201709
74,19,0.937635646119776
41,44,0.937557739058648
34,165,0.9372452297388506
53,147,0.936937826039079
93,44,0.9368923863377576
60,44,0.9368923863377576
53,144,0.9368642289505767
47,33,0.93677305954621
57,33,0.93677305954621
11,80,0.9367103984318484
29,29,0.9367037433652976
108,38,0.9365609271929984
111,331,0.9364912579668182
82,301,0.9363867855383976
11,39,0.936256415533689
0,312,0.936076768291177
104,27,0.935960208338429
21,121,0.9359501517820212
0,141,0.9357426201865224
11,204,0.9355125345160684
54,73,0.935461052983411
77,156,0.9354174568940788
34,322,0.9354161788540316
82,184,0.9352316753276272
22,147,0.9352123263158848
85,147,0.9352123263158848
91,2,0.9348361607880256
82,104,0.934776472173536
11,121,0.9346164440838028
11,55,0.9346164440838028
35,45,0.9345965935244178
74,200,0.9345828907265008
9,19,0.93455838903493
21,82,0.934382482687394
68,334,0.9343649905704284
11,76,0.9343474375126491
29,277,0.9342129510868036
53,184,0.93409687356725
23,305,0.9339209260563528
108,160,0.933879047053662
77,301,0.9338234197392368
84,37,0.933787330171091
75,30,0.9337528300624424
82,112,0.9336475298897058
24,35,0.9336249211267058
23,24,0.9335116819258042
9,38,0.9335070574902564
34,59,0.933403483013725
42,130,0.93316875674285
42,128,0.93316875674285
110,206,0.9331554338263544
61,41,0.9331067924903148
36,312,0.932944469718538
84,31,0.9327956823384248
34,244,0.9325568256713512
11,122,0.9323518890753772
11,20,0.9323518890753772
110,86,0.9323027753472516
110,60,0.9323027753472516
102,219,0.9321801192650038
102,334,0.9321796465708746
11,85,0.9318154799126118
91,241,0.931775009069042
21,21,0.9317425365263606
102,21,0.9317040761429928
110,281,0.9316672162623416
21,234,0.931587832350798
111,48,0.9313987023815252
111,108,0.9313987023815252
111,248,0.9313987023815252
111,105,0.9313987023815252
111,102,0.9313987023815252
111,67,0.9313987023815252
111,100,0.9313987023815252
111,7,0.9313987023815252
111,97,0.9313987023815252
74,305,0.93139187539365
7,39,0.9312970560637096
7,135,0.9312765939445596
53,221,0.9311770421069304
21,132,0.9311550068779104
102,29,0.9310775499672423
46,30,0.930957827263324
85,45,0.9309545348500864
57,31,0.9306962424613204
27,33,0.9306686842310128
27,334,0.9306686842310128
27,27,0.9306686842310128
54,39,0.9306348800636626
102,273,0.930609767392017
21,316,0.9305825526410544
91,70,0.9304836573291014
75,153,0.9303940678482808
77,252,0.9302444148789868
29,274,0.9302322394626727
54,119,0.9301687666528756
91,68,0.9300360392152932
91,91,0.9300360392152932
39,177,0.9299341147051418
16,20,0.9296700694164276
51,153,0.9294686864290428
85,324,0.9293774974502308
82,247,0.9292637068000502
53,7,0.9291794040774214
53,231,0.9290255375729846
111,72,0.9289967818713032
111,28,0.9288892527341988
91,147,0.9288495916277636
54,50,0.9287849385332724
110,118,0.9285410607109164
82,147,0.928529010733584
54,81,0.9285150080126672
74,91,0.928258586583915
37,252,0.9281052000894224
72,252,0.9281052000894224
29,160,0.9279488828101236
110,82,0.927931221577266
110,115,0.927884213607868
82,39,0.9277145765619654
98,45,0.9276994403298668
11,116,0.9272723709624484
99,222,0.9272598633495472
23,65,0.9270155368937248
30,37,0.9268723778962202
21,319,0.9267389716673532
88,299,0.9267139325397404
21,231,0.926582838612776
110,108,0.9265135429055597
36,329,0.9264832979719756
3,324,0.9264736768606928
85,297,0.9263602510461016
3,297,0.9263602510461016
42,124,0.9263558359372058
11,296,0.9263260978088468
11,3,0.9262671634788272
11,87,0.9262671634788272
11,4,0.9262671634788272
11,23,0.9262671634788272
11,38,0.9262671634788272
11,5,0.9262671634788272
11,9,0.9262671634788272
39,138,0.9261389092913894
104,33,0.9261385918619998
104,334,0.9261385918619998
53,150,0.9261281893061616
108,143,0.9261152553528024
53,112,0.9260700002692294
14,30,0.9256003696545556
29,202,0.9252864579434564
29,299,0.9250076080076248
9,324,0.9249971105468782
111,253,0.9249077330818742
34,101,0.924852188787114
36,255,0.9247329079319572
9,271,0.924639688448144
82,130,0.9240813942388448
82,128,0.9240813942388448
23,238,0.923741496544863
53,197,0.923741496544863
23,197,0.923741496544863
23,290,0.923741496544863
53,290,0.923741496544863
53,238,0.923741496544863
108,202,0.9237331695198464
101,31,0.9236733895742608
24,215,0.9236709278418672
54,94,0.9235963171510836
99,34,0.923546317330062
91,113,0.9235195233207664
75,324,0.9235161176638396
111,228,0.923490115839624
34,1,0.92314832951861
74,2,0.9230929182408044
93,215,0.9230003266156622
53,243,0.9229684254659586
23,243,0.9229684254659586
47,39,0.92281678894146
74,157,0.9227868230392344
11,127,0.922709904262887
111,22,0.9226987196411146
54,61,0.9226195172107532
82,55,0.9225447551415764
34,132,0.9224417081362016
21,124,0.9223972298225792
42,76,0.9222052465873196
11,112,0.9221647258216806
11,69,0.921936438052978
29,280,0.921806739507781
54,112,0.921562263438962
11,96,0.9215544170012332
9,69,0.9215269701612834
76,280,0.921295243161473
35,277,0.9211947087783948
76,56,0.9211178557560252
77,219,0.9209680886974184
7,29,0.9208291906618792
7,6,0.92082542415119
54,124,0.9207160811456884
74,89,0.920593197499422
53,105,0.9205848857305798
23,108,0.9202746842540837
99,330,0.920259423396816
22,39,0.919968051803884
24,157,0.9197123308734584
47,324,0.9195277463785698
23,283,0.9195038705034968
21,207,0.9189005672596045
80,32,0.9185246534056688
80,30,0.918396846317714
42,75,0.9181445831298636
42,40,0.9181445831298636
82,24,0.9181095859466736
57,45,0.9180948666148148
68,45,0.9180948666148148
80,44,0.9179539399122436
111,246,0.917935738289156
111,254,0.917935738289156
111,243,0.917935738289156
111,240,0.917935738289156
108,56,0.9178706917570254
16,252,0.9178261238983796
72,310,0.9177318007888062
37,310,0.9177318007888062
61,44,0.9177296949612024
74,267,0.9177055453970216
75,138,0.9176168949740467
97,37,0.9175709628873592
108,141,0.9174904507439412
31,324,0.9171164675377228
28,310,0.9171096204352448
28,245,0.9171096204352448
77,310,0.9170508195502498
102,270,0.916875449539594
77,143,0.9167113817660972
73,44,0.9166160839934137
10,44,0.9166160839934137
9,248,0.916292198767965
97,45,0.9161097961276256
24,130,0.9160185758202408
11,120,0.9160108623076888
74,282,0.9159861911403018
101,27,0.9158276077558658
108,270,0.915780506360648
4,44,0.9154607757245572
18,334,0.9153133191665136
6,334,0.9153133191665136
47,334,0.915270444719432
57,334,0.915270444719432
82,60,0.9152209327090212
82,76,0.9152209327090212
74,38,0.9149031965341482
12,324,0.9148209853329028
74,72,0.9147890653433828
51,31,0.914572921726119
102,310,0.9144772768388872
82,89,0.914348435150362
9,46,0.9142092447297728
9,34,0.9142092447297728
9,42,0.9142092447297728
9,41,0.9142092447297728
9,32,0.9142092447297728
9,26,0.9142092447297728
9,33,0.9142092447297728
9,43,0.9142092447297728
110,99,0.9142054808289998
110,69,0.9140752596413848
34,66,0.9139982351428754
7,2,0.913866429606949
36,299,0.9137672360212516
34,85,0.9135272153443896
80,299,0.9134340916407128
20,299,0.9134340916407128
64,299,0.9134340916407128
91,157,0.9133602992957416
42,1,0.913269423515336
53,139,0.9132256809916042
74,292,0.913100097214638
105,33,0.9130929394309594
108,7,0.9130256972772464
74,6,0.912773525454898
77,177,0.9126916426590004
23,264,0.9126778701977912
67,44,0.912624230189198
93,157,0.9123352220569516
42,116,0.9119402827258648
35,33,0.9119119886056462
35,334,0.9119119886056462
99,26,0.9119069375725304
110,287,0.911834657726224
76,301,0.9118287267630482
91,81,0.9116880159693296
91,66,0.9116880159693296
29,177,0.911514439861156
75,7,0.9114535019142064
97,334,0.9111776578377236
82,306,0.9111747950549997
34,133,0.9109775463296136
82,270,0.9109504062430884
77,160,0.9109185202787076
111,205,0.9108419869744748
78,37,0.9107737953221858
21,305,0.910423413470005
82,96,0.9102673148021906
76,299,0.9101696202174432
34,302,0.910071139932603
11,267,0.9100266105016838
7,10,0.9099901869336624
82,313,0.909889117259859
111,296,0.9098488767112696
99,249,0.909795000255264
111,223,0.9095528412253288
24,122,0.9093136881644688
34,126,0.909147349555243
23,289,0.9090281538146264
34,100,0.9089704627952564
34,102,0.9089704627952564
42,39,0.9086062332008418
97,43,0.9084744487087062
94,45,0.9080374221091488
27,45,0.9080374221091488
2,45,0.9080374221091488
110,145,0.9077972686284056
105,45,0.907715673130021
31,41,0.907498415645021
87,45,0.9073971678746556
0,299,0.9073493674492912
101,33,0.9073442473760952
12,334,0.9073298202966336
71,334,0.9073298202966336
93,177,0.9071919814006392
82,282,0.9069660032027516
65,324,0.9069381982930328
99,33,0.906825681223867
82,116,0.9068104458524192
99,31,0.9064656109456484
60,215,0.9062870396174032
3,30,0.905683811674875
61,46,0.9056229071902212
110,233,0.9053984863862912
24,26,0.9050860139669884
82,111,0.9050623609023162
42,153,0.9050459667424304
108,156,0.9049852125162396
99,30,0.9049235456614884
91,80,0.9047657872265964
111,293,0.9046955881688592
54,104,0.9045835471265204
74,71,0.9045772652151028
9,7,0.9045066948726858
110,191,0.9043689684284856
108,301,0.9038654305535128
110,131,0.9036915778374464
82,23,0.9035972828763668
9,299,0.9034675974361668
74,120,0.9033856360440338
99,32,0.9033194185465688
24,49,0.9032735840672654
91,99,0.903211304543123
7,103,0.9030849286615776
29,56,0.9030166318438676
75,33,0.9027539167153296
88,277,0.9026963962216972
42,53,0.9026628533533604
9,264,0.9024224753396544
91,86,0.9024021449510108
24,311,0.9017864531445215
16,147,0.9017040907936832
83,324,0.901588884605604
37,334,0.901537646480807
36,34,0.9012073839852266
74,273,0.9011584991675946
21,152,0.901004421455312
9,51,0.9008564063169234
99,289,0.9007165529123443
111,283,0.9006427623228833
24,131,0.9006219686189963
34,89,0.9005148173969731
82,319,0.9002914280481338
105,334,0.9002589593844615
30,31,0.8999819664381358
108,222,0.8997461580226459
11,49,0.8996561169629173
110,61,0.8994290886930458
53,283,0.8993981816481786
11,51,0.8992868877387258
110,94,0.8992228231185644
7,91,0.8991301740963598
7,68,0.8991301740963598
9,30,0.8986170912368828
9,31,0.8986170912368828
23,168,0.8985128975481613
21,133,0.8980929551834631
21,109,0.8979158387998643
75,329,0.8977768030792596
9,21,0.897709259570974
9,141,0.8977042247427842
36,252,0.8975767317068961
99,252,0.8975767317068961
24,80,0.897555909565262
17,30,0.8973732763041726
111,277,0.897264809559854
78,33,0.8970626804858829
42,81,0.896926466190508
110,153,0.8968037687041615
54,118,0.8967760814518903
91,29,0.8964387903244037
91,273,0.8964387903244037
110,116,0.8964254807534887
12,249,0.8962992112373276
71,249,0.8962992112373276
24,274,0.8962775011764597
27,30,0.8961918747049853
77,270,0.8961707930992948
82,108,0.8959111138021685
110,254,0.8956963150851668
93,310,0.8956155340704565
76,160,0.8955763812189933
21,168,0.8954880526035162
101,334,0.8952982131834804
44,27,0.895079005460804
53,264,0.8948693321811159
61,32,0.8945499076096588
36,264,0.8942447210371496
16,297,0.8937801638096413
102,280,0.8937160515205
37,270,0.8936810364283945
72,270,0.8936810364283945
9,132,0.8936346774063397
108,6,0.8936145614489704
74,69,0.8935776958228795
45,324,0.89347439769624
7,113,0.8934570641514958
74,218,0.8933441623730962
74,217,0.8933441623730962
76,274,0.8933288551256398
82,248,0.893326320213464
91,56,0.8932704848101387
88,282,0.8932392774987938
39,200,0.8930141369624578
110,136,0.892896841938775
111,289,0.8927856883630626
22,46,0.8927331822927886
22,41,0.8927331822927886
24,159,0.8926795950661176
24,151,0.8926795950661176
80,45,0.8925167707249013
76,35,0.8924413081763798
54,123,0.8919609001023715
11,72,0.891850553002601
99,157,0.8918113647761468
91,104,0.8916805890038239
74,221,0.8915190844681236
23,234,0.8913249078339083
9,207,0.8910899233817272
9,159,0.8909831191844488
110,51,0.890842904521697
9,319,0.8906342288648887
7,70,0.8905574581559322
7,112,0.8905574581559322
110,102,0.890539235833185
93,45,0.8903204156832333
60,45,0.8903204156832333
74,112,0.8902116635992087
111,112,0.890098862384371
54,25,0.8899432011545667
99,310,0.8899235039611256
1,153,0.889850656984122
93,153,0.889850656984122
25,153,0.889850656984122
96,37,0.8893517323213825
53,269,0.8893027427031616
24,177,0.889149447977583
30,45,0.8890656467921492
108,219,0.8889586417460416
34,80,0.8889013051391387
54,55,0.8887937590961157
42,61,0.8886624308749697
22,37,0.8886398434820628
82,120,0.8886001532072418
82,75,0.8886001532072418
74,252,0.8885857366989451
11,60,0.8885603561157994
11,86,0.8885603561157994
21,61,0.8882498603398598
42,94,0.8879742283052365
7,141,0.8875589250397872
39,20,0.8875026117195715
51,20,0.8875026117195715
88,20,0.8875026117195715
111,55,0.8871831363821918
21,204,0.8869923222235587
110,92,0.8868686559789095
21,104,0.8868276088219951
24,164,0.8867235459734127
24,316,0.8867235459734127
25,310,0.8867070790385253
23,64,0.8865321282374634
76,282,0.8864138948049473
111,144,0.8863983424358054
0,329,0.8860693935076547
53,262,0.8859869882630965
9,135,0.8859510802226814
16,299,0.8858954314750549
76,10,0.8858767391212546
42,88,0.8853037317157004
42,187,0.8851595263372417
29,6,0.8850326721963916
54,115,0.8850029291646405
31,334,0.8849547001433936
44,33,0.884951618927682
44,334,0.884951618927682
78,31,0.8848788320468541
74,111,0.8848062477611419
84,252,0.8848008471267175
77,10,0.8847079095910219
82,141,0.8846623421724383
22,31,0.8846621481076624
36,143,0.884627432105398
7,301,0.8843522269082158
24,83,0.8840746460747888
37,219,0.8840151447214031
72,219,0.8840151447214031
75,40,0.8838422492499356
91,252,0.8838266703882139
74,264,0.8835865580939459
53,83,0.8835533289302695
53,77,0.8835533289302695
109,30,0.8827167734612927
44,30,0.8827167734612927
31,46,0.882708252014722
82,1,0.8826670990133484
111,319,0.8821941124291195
74,34,0.8819176115535973
21,81,0.881854141551609
18,324,0.8817339989385345
50,334,0.881588171600973
34,127,0.8814469274814389
76,235,0.8811566816309849
77,222,0.8806289092338901
21,123,0.8805875927477766
7,147,0.8805794103323377
88,23,0.8805129108241994
39,23,0.8805129108241994
11,92,0.8804675515273358
36,334,0.8801738108349982
54,60,0.8801347167938833
54,76,0.8801347167938833
51,39,0.8796968506967889
23,147,0.8791819782371351
53,146,0.879175915780309
93,37,0.878955254067951
60,37,0.878955254067951
26,43,0.8786588260559783
74,141,0.8782811981120471
11,100,0.878097467634741
11,97,0.878097467634741
11,102,0.878097467634741
26,177,0.8779744623804573
60,177,0.8779744623804573
80,177,0.8779744623804573
64,177,0.8779744623804573
57,177,0.8779744623804573
20,177,0.8779744623804573
14,45,0.8778679774527031
91,115,0.8778632184733611
102,56,0.87764834002411
97,31,0.8774326023105462
24,107,0.8773912496249796
23,318,0.8773526289233801
26,215,0.8769883201337245
57,215,0.8769883201337245
110,95,0.8769062307177962
41,27,0.876865581349444
82,216,0.8768036864654368
108,33,0.87671159490417
108,30,0.87671159490417
108,37,0.87671159490417
108,32,0.87671159490417
108,46,0.87671159490417
99,56,0.8767060400216019
74,201,0.8766693210013723
111,127,0.8766079791454748
23,153,0.8765428760132293
111,197,0.8765048695527007
21,119,0.8764784898492372
96,31,0.8761077941031579
15,30,0.8760138819361453
89,30,0.8760138819361453
91,48,0.8759231301457283
99,329,0.875750900168313
77,19,0.8756869967333707
91,75,0.8754786884286271
91,55,0.8754786884286271
111,63,0.8751437560535652
11,73,0.875094092903545
74,7,0.8749172431727459
111,143,0.8748904943471988
9,154,0.8746235345748805
13,45,0.8744861194616915
45,45,0.8744383211492516
79,252,0.8744253184713681
34,70,0.8744166572256152
32,45,0.8742900347789047
102,299,0.8735284583892308
7,299,0.8734953405586705
21,241,0.8734244757960763
17,45,0.8732891888439047
9,142,0.8732119667894762
111,321,0.8730535762122612
82,228,0.8729960243027776
78,45,0.8729014858494873
101,30,0.872864151153404
72,334,0.8726576307243957
29,222,0.8726412554850362
81,324,0.8722283092080297
82,325,0.8718768304484085
48,45,0.8718195451822545
58,45,0.8718195451822545
111,207,0.8712639075424942
7,270,0.8712176529043206
41,30,0.8712101292526692
73,30,0.8712101292526692
10,30,0.8712101292526692
21,23,0.8710653482018089
65,252,0.8710514188884644
6,252,0.8710514188884644
0,255,0.8710317174872103
29,28,0.8706245528530152
82,280,0.870249403735844
82,299,0.870249403735844
61,37,0.8700636399389815
21,55,0.8698900397662354
18,39,0.8697667635046945
3,33,0.8695971948556253
32,324,0.8695477203937547
82,123,0.8694960175515235
15,27,0.8694682664514606
15,33,0.8694682664514606
89,27,0.8694682664514606
89,33,0.8694682664514606
93,138,0.8694539765513133
0,310,0.869341894033915
9,236,0.8693199295581775
111,201,0.8692674464551817
22,324,0.869208114346163
91,114,0.8688925844915242
108,151,0.8685330056404724
41,33,0.8681246160284244
41,334,0.8681246160284244
91,78,0.8675683959103583
9,310,0.8671252052627848
42,250,0.8669954534699849
91,282,0.8669856634219132
110,333,0.8668490774958164
25,155,0.8660474719891722
105,155,0.8660474719891722
1,155,0.8660474719891722
111,152,0.8655833543574679
53,281,0.8652903276026731
27,143,0.8650512426869138
75,9,0.8649759791978806
75,5,0.8649759791978806
75,3,0.8649759791978806
75,4,0.8649759791978806
77,26,0.8645266286722405
74,207,0.8643006793419161
7,85,0.8642713616172212
53,206,0.8642345436073092
69,44,0.8641653370977733
11,79,0.8640925616450507
24,94,0.8638508718475932
54,99,0.8638263153871482
54,24,0.8638176402167844
82,207,0.86348066935704
11,228,0.8634244578317836
91,112,0.86271586995911
91,35,0.8625415322294734
110,174,0.8625025089699614
110,275,0.8625025089699614
110,142,0.8625025089699614
79,27,0.862403037068101
82,292,0.8621696201381076
18,252,0.8621561877528661
82,321,0.862057279087802
110,222,0.8618832097920168
23,88,0.8617029320446137
9,102,0.8614552974272018
91,135,0.8611408214416827
108,289,0.8610711735992208
91,299,0.8609812859109174
11,129,0.8605199505080701
111,10,0.8603065399335057
111,6,0.8603065399335057
91,50,0.8600269513428007
99,247,0.8594117882142404
11,305,0.859081571581903
16,143,0.8590793838339168
76,331,0.8588586185941525
11,159,0.8585769861424289
7,64,0.8585454197014155
84,39,0.8585304133267629
34,122,0.8582673798243591
34,20,0.8582673798243591
53,234,0.8582631978082268
7,81,0.8581262159950098
7,66,0.8581262159950098
91,39,0.8580550090093737
9,221,0.8580449786677018
24,104,0.8580058563194805
24,202,0.8580058563194805
21,164,0.8576116463774245
7,80,0.8575863069722629
79,33,0.8573682295913428
110,246,0.8572116088749866
21,120,0.8572034006727538
85,334,0.8570292208923758
111,160,0.8568797052387752
111,155,0.8568797052387752
75,8,0.85684152154753
22,334,0.856144242267429
75,137,0.8560129858048331
110,106,0.8559646774636108
74,50,0.8559426084051787
9,316,0.8558721871284731
21,74,0.855616062339529
34,130,0.8555980301766122
54,153,0.8553998567724702
79,45,0.8553463348461947
91,72,0.8552587205929372
76,202,0.8550372810770749
103,44,0.8550133207757791
60,207,0.8549637046100632
61,207,0.8549637046100632
88,45,0.8549053534900248
7,292,0.8549012331031026
15,334,0.8543294449954366
89,334,0.8543294449954366
111,70,0.8539043281201176
111,138,0.8537631615487893
77,27,0.8537415304624292
9,290,0.8534268567713524
91,270,0.8534239326775103
93,32,0.8532154630327022
60,32,0.8532154630327022
34,61,0.8531322406226713
11,98,0.852956690956086
11,93,0.8528864926283368
87,43,0.8527116576090348
24,123,0.8524122456069616
24,82,0.8524053179749
42,50,0.8520582769661132
39,27,0.8518706934469792
3,45,0.8518636295006481
9,152,0.8518623085716294
11,13,0.8517077424201482
75,177,0.8514699621282458
82,267,0.8513525658758578
82,151,0.8513525658758578
111,259,0.8512339887142278
9,307,0.8512170970420512
42,129,0.8509931843698196
99,38,0.8508439288556662
77,42,0.8507590123309116
24,118,0.8504937688112647
7,280,0.8504586214497574
91,106,0.8504538670195623
111,41,0.8504066641446874
111,32,0.8504066641446874
111,34,0.8504066641446874
111,46,0.8504066641446874
111,43,0.8504066641446874
111,33,0.8504066641446874
66,45,0.8502866444990926
111,219,0.8502206396780224
111,273,0.8502206396780224
54,131,0.8501578456609636
111,35,0.8500785409316118
54,88,0.850071905183025
110,259,0.8496799646990209
74,270,0.8496076596455359
24,153,0.8494001575564828
37,249,0.8487055218290507
72,249,0.8487055218290507
102,160,0.8485584146135684
22,45,0.8482334447551175
36,219,0.8475727346969611
11,109,0.8475010796364212
16,310,0.8471557364692701
6,324,0.8470813544108172
11,14,0.8467757420186869
21,228,0.8465247229925323
24,303,0.8463065805161711
24,8,0.8463065805161711
34,105,0.8460756195298627
34,64,0.8460756195298627
34,65,0.8460756195298627
105,153,0.8459668127744068
42,49,0.8459439542330046
91,94,0.8459128696498346
0,334,0.8456605864132727
54,120,0.8451685992019956
79,334,0.8449925926531521
11,321,0.8448199934839565
11,200,0.8444096703731895
76,6,0.844358737857585
24,28,0.8442483990592657
53,108,0.844000575295626
81,39,0.8438748346415609
24,167,0.8438158059773503
24,333,0.8438158059773503
1,52,0.8437321140896687
93,52,0.8437321140896687
93,15,0.8437321140896687
25,137,0.8437321140896687
25,15,0.8437321140896687
1,15,0.8437321140896687
25,52,0.8437321140896687
1,137,0.8437321140896687
93,137,0.8437321140896687
54,232,0.8436584759981405
93,282,0.8436207417452466
109,27,0.8436039593197178
102,135,0.8435585581109298
74,255,0.8435470620289623
74,26,0.8435470620289623
53,325,0.8434498466526517
111,137,0.8433512324140343
82,318,0.8432469085914062
0,47,0.8427843084456922
7,104,0.8425210973812313
80,143,0.8423148838115251
20,143,0.8423148838115251
64,143,0.8423148838115251
24,113,0.8420956687576832
108,43,0.842035119326816
108,41,0.842035119326816
108,31,0.842035119326816
108,44,0.842035119326816
75,270,0.8415609272806059
108,22,0.8412519506902448
56,44,0.8407262224499829
106,44,0.8407262224499829
33,44,0.8407262224499829
19,44,0.8407262224499829
8,44,0.8407262224499829
28,44,0.8407262224499829
43,44,0.8407262224499829
63,44,0.8407262224499829
100,44,0.8407262224499829
95,44,0.8407262224499829
97,252,0.8406072358752972
79,30,0.8406045549477384
111,252,0.8404915944918807
9,71,0.8404586535539894
24,309,0.8402761969058636
21,129,0.8402560398204056
20,44,0.8401635082286771
102,301,0.8397734835118673
108,158,0.8396763594721836
55,33,0.839273413905719
55,27,0.839273413905719
55,334,0.839273413905719
38,334,0.839273413905719
38,33,0.839273413905719
38,27,0.839273413905719
77,40,0.8390471658608132
36,247,0.8389774122370048
108,154,0.8386009854805536
42,2,0.8383314936384351
54,51,0.83812468202377
9,202,0.8377672145919991
111,116,0.8377346790621919
29,330,0.8373879498639984
101,44,0.8372279031422746
7,310,0.8368707231631977
91,129,0.8367050087575494
9,117,0.8366013628773888
42,188,0.8365547685959724
42,183,0.8365547685959724
42,149,0.8365547685959724
91,110,0.8362689012682248
24,163,0.8362268122055476
9,68,0.8361718808192026
109,33,0.8360364763787009
109,334,0.8360364763787009
51,177,0.8358742792131856
80,33,0.8358621463445073
42,264,0.8352606943197106
99,28,0.8352504777456262
102,274,0.835143148037976
51,324,0.835138282907467
64,138,0.8347802824924654
60,138,0.8347802824924654
20,138,0.8347802824924654
26,138,0.8347802824924654
80,138,0.8347802824924654
57,138,0.8347802824924654
26,207,0.8346341668463789
64,207,0.8346341668463789
80,207,0.8346341668463789
22,207,0.8346341668463789
20,207,0.8346341668463789
57,207,0.8346341668463789
11,268,0.8340698596835999
74,113,0.8339678992372739
34,179,0.8339614982617168
34,159,0.8339614982617168
91,236,0.833922489352545
21,321,0.8338753531080292
77,45,0.8338681290938065
24,117,0.8336777205285044
24,115,0.8336777205285044
111,225,0.8336558385618632
75,222,0.8334217782681953
20,27,0.8333189703272974
0,324,0.8332800779526871
81,42,0.833232560160389
21,107,0.8329234871626651
74,262,0.8326641405696417
68,31,0.8326214938703217
111,114,0.8325063213904577
53,222,0.8325015817731479
23,222,0.8325015817731479
91,76,0.8321678027817321
91,60,0.8321678027817321
111,30,0.8321628803332537
111,31,0.8321628803332537
34,51,0.8321080068280532
42,113,0.8320842597596065
87,324,0.8317032446869442
79,324,0.8317032446869442
36,321,0.8315596382613252
42,168,0.8315144428089408
61,215,0.8314662218527209
93,147,0.8312161365982332
11,117,0.830987795638181
76,222,0.8309763019414141
108,19,0.8309657937884432
74,107,0.8308586421829315
111,123,0.8308549239525927
51,43,0.8305880499417938
111,156,0.8305250102002405
50,252,0.8303651754186309
0,252,0.8303651754186309
88,255,0.8302459080561773
2,255,0.8302459080561773
76,34,0.8300125381635932
23,105,0.8299851314461706
4,324,0.8298723294048737
82,289,0.8296296230549358
110,271,0.82945806979889
23,253,0.8292860641132005
34,74,0.8292817487390783
24,112,0.8292543142556819
77,49,0.8290338769713018
20,282,0.8286730495776486
80,282,0.8286730495776486
26,282,0.8286730495776486
57,282,0.8286730495776486
60,282,0.8286730495776486
64,282,0.8286730495776486
111,27,0.8286581372611579
111,45,0.8286581372611579
111,255,0.8286581372611579
111,334,0.8286581372611579
9,104,0.8283692772010003
21,262,0.8280546837399964
53,90,0.8280482004205288
9,156,0.8278824229199487
21,153,0.827838684834579
16,34,0.8277680293020507
30,41,0.8277359927474249
10,27,0.8275424412718384
73,27,0.8275424412718384
16,207,0.8271916952873702
82,8,0.8269603296398687
53,88,0.8266791836963557
108,255,0.8263415292249687
74,313,0.8261570758379057
7,122,0.8259464623121296
23,1,0.8258339544742561
20,31,0.8257806807676918
108,252,0.8254192500505295
11,110,0.8251869139968953
42,195,0.8250927583467155
91,141,0.8247298245713658
75,310,0.8244169876381043
111,153,0.8243223222089536
7,21,0.8239760435148861
74,116,0.823949256611656
75,34,0.8234642595320049
30,324,0.823410293581099
99,143,0.823349780888843
21,92,0.8230730038192653
97,41,0.8228747118573402
53,287,0.8227925558274999
23,287,0.8227925558274999
91,292,0.8227855491225461
35,44,0.8226011223225111
9,218,0.8225567949572773
9,308,0.8225567949572773
9,217,0.8225567949572773
9,224,0.8225567949572773
74,324,0.8223440057854978
74,27,0.8223440057854978
24,20,0.8221447296061488
74,204,0.8220617098607237
10,33,0.8214291697779471
10,334,0.8214291697779471
73,334,0.8214291697779471
73,33,0.8214291697779471
65,39,0.8213265406546362
6,39,0.8213265406546362
99,280,0.8213008333405959
111,215,0.8210705049290143
24,168,0.8209072745492559
34,79,0.8202712169425121
2,334,0.8202191022093174
5,334,0.8202191022093174
94,27,0.8202191022093174
94,334,0.8202191022093174
2,27,0.8202191022093174
5,33,0.8202191022093174
2,33,0.8202191022093174
94,33,0.8202191022093174
5,27,0.8202191022093174
9,40,0.8201460647070188
53,191,0.8196479543203563
42,214,0.8195061724511657
11,74,0.8191608482455779
91,280,0.8191383288939935
74,21,0.8189456292226559
3,207,0.8185571404127161
85,207,0.8185571404127161
7,55,0.8182408828190711
7,75,0.8182408828190711
76,28,0.8181502414352797
111,62,0.818105472494145
51,299,0.8180503426401673
94,157,0.8177659786493618
55,157,0.8177659786493618
38,157,0.8177659786493618
92,157,0.8177659786493618
28,157,0.8177659786493618
2,157,0.8177659786493618
5,157,0.8177659786493618
7,78,0.8170370038359774
42,257,0.8166865172990577
42,258,0.8166865172990577
111,111,0.8166640195104863
111,157,0.8159289856195253
5,45,0.8157501234002501
92,45,0.8157501234002501
9,158,0.8147626028540526
16,334,0.8144066218394973
21,8,0.8139939495575366
16,42,0.8131286466479716
54,22,0.8130773296848071
74,301,0.81291384814564
70,44,0.8126566954267408
1,29,0.8125758706769639
25,29,0.8125758706769639
105,29,0.8125758706769639
1,299,0.8125507139579786
105,299,0.8125507139579786
25,299,0.8125507139579786
12,310,0.8121844331605126
74,271,0.81188889177823
82,311,0.8116637259181221
77,6,0.8111099116181312
78,39,0.8110645642595375
53,136,0.8110195168162992
71,324,0.8109126547982802
111,294,0.810364116138747
9,200,0.8095547313084996
61,31,0.8092607267047546
36,157,0.8088311359347694
21,145,0.8088049825853981
29,331,0.8086845973044556
74,102,0.8085330708123493
9,55,0.808490077609007
21,95,0.8084004436343138
77,334,0.8082620227558696
105,44,0.8081320640702737
37,34,0.8078446289320673
72,34,0.8078446289320673
12,34,0.8078446289320673
99,232,0.8076597847347528
93,20,0.807619077035692
80,334,0.8075068297121163
22,33,0.806908122273564
54,54,0.806791988501515
21,330,0.8067619097774424
82,187,0.8060802407089979
54,95,0.8059603547636437
11,61,0.8058743266500092
21,271,0.8057249119252168
9,124,0.8055728172448477
21,24,0.8055618789262977
39,45,0.8053921445597302
21,84,0.8053136893841776
7,48,0.8052406490409307
21,264,0.8052292822626707
74,310,0.8051307631725894
75,301,0.8050703670463973
42,89,0.804052534630385
34,147,0.8037116144884113
42,55,0.8031186861565676
42,121,0.8031186861565676
53,101,0.8030603729968785
91,79,0.8026062187075428
23,211,0.8025187382278507
74,132,0.8025030184855638
42,221,0.8022960118888279
91,51,0.8022044990291256
76,241,0.8021922165778039
24,103,0.8021295853741867
54,82,0.801912348158832
111,269,0.8014176142382178
23,297,0.8010573352444452
21,196,0.8009421774563832
25,31,0.8008499524953497
39,33,0.8005474707278807
36,39,0.8003133912881544
24,69,0.8000680349623542
42,319,0.7994472344783692
77,200,0.798464872101394
111,200,0.7982919895177545
111,313,0.7979993543457208
111,307,0.7979993543457208
82,201,0.7979778620024763
111,71,0.7976365576342419
91,103,0.7969607391693795
39,299,0.7967200201967914
91,49,0.7965544127993914
76,155,0.7961024875359388
11,247,0.7959720511213985
26,137,0.7959662843428994
64,15,0.7959662843428994
80,15,0.7959662843428994
80,137,0.7959662843428994
26,52,0.7959662843428994
22,52,0.7959662843428994
61,15,0.7959662843428994
60,15,0.7959662843428994
20,52,0.7959662843428994
64,137,0.7959662843428994
57,15,0.7959662843428994
60,137,0.7959662843428994
61,137,0.7959662843428994
20,15,0.7959662843428994
22,15,0.7959662843428994
57,137,0.7959662843428994
22,137,0.7959662843428994
26,15,0.7959662843428994
20,137,0.7959662843428994
57,52,0.7959662843428994
60,52,0.7959662843428994
61,52,0.7959662843428994
80,52,0.7959662843428994
64,52,0.7959662843428994
21,248,0.7955599317244733
75,1,0.795527441607267
11,287,0.7954016865072902
11,64,0.7953966544076314
11,208,0.7953966544076314
11,65,0.7953966544076314
9,130,0.7951626763488836
47,43,0.7948496003231464
57,43,0.7948496003231464
74,45,0.7945946226471612
74,42,0.7945946226471612
25,324,0.7945507311303499
53,233,0.794483555756761
23,233,0.794483555756761
102,331,0.7932589080610153
9,238,0.7930197950854625
105,15,0.7923969486032699
105,52,0.7923969486032699
105,137,0.7923969486032699
25,43,0.7923956120196655
81,252,0.7922869149691377
36,29,0.7918294458257938
16,47,0.791802550913198
53,254,0.7915171842482387
23,254,0.7915171842482387
76,36,0.7914646033866327
82,105,0.7913095115680732
47,252,0.7902644458879895
88,44,0.7899884962932288
108,49,0.789521399251364
24,29,0.789302281976265
53,153,0.7890138933335236
34,125,0.7885180468318779
21,140,0.7882787154217873
7,1,0.7879409425459197
74,153,0.7876965801671874
42,207,0.7872205174806631
42,244,0.7872012066317536
21,167,0.7859948420187967
9,39,0.7859322208869283
20,10,0.7858869789906826
64,10,0.7858869789906826
80,10,0.7858869789906826
75,21,0.7857382403191311
29,200,0.7850690826414519
11,94,0.7847486883074902
74,334,0.7847067226344988
9,35,0.7844632300262896
60,20,0.7844099378249768
84,46,0.7843469497445843
74,165,0.7841352520955471
53,145,0.7840729357903691
11,50,0.7838884262072424
46,45,0.7837350780179421
35,31,0.7835408698611802
20,324,0.7831531674562024
80,29,0.7830804909069808
3,29,0.7830804909069808
64,29,0.7830804909069808
20,29,0.7830804909069808
21,201,0.7822487400606087
11,128,0.7821808868691156
11,130,0.7821808868691156
21,138,0.7820482379347329
72,280,0.7815412321168161
37,280,0.7815412321168161
27,277,0.7814333356377952
11,264,0.7809017234910917
88,52,0.7808556155877583
39,15,0.7808556155877583
88,137,0.7808556155877583
88,15,0.7808556155877583
39,52,0.7808556155877583
39,137,0.7808556155877583
108,168,0.7807863983841007
21,111,0.7799783684748984
3,299,0.7793887393352206
7,241,0.7792105992732221
11,294,0.7791941023584101
29,264,0.7787032497851923
7,94,0.7781228346284297
77,152,0.7776302390997447
11,306,0.7771694293725215
75,157,0.7770035419416594
82,305,0.7768696200831288
111,177,0.7766549065951002
99,290,0.7766450266518957
1,27,0.7764724667600672
1,33,0.7764724667600672
1,334,0.7764724667600672
77,305,0.7761088140800806
0,143,0.7760180623602189
110,318,0.7759934540313111
11,81,0.7757953598881744
42,19,0.7757045389336232
77,23,0.7756743370487178
91,61,0.7756287749145104
91,62,0.7756287749145104
11,115,0.7753150215651488
53,162,0.7752763180599133
51,23,0.775128614512337
29,247,0.7750432035458781
54,325,0.7747845507046912
82,153,0.7745774041338299
24,235,0.7741057034996651
88,29,0.7740343606800885
39,29,0.7740343606800885
51,29,0.7740343606800885
52,44,0.7737870324223998
88,310,0.7734824492469499
54,106,0.7730493570590635
37,39,0.7730339431883566
72,39,0.7730339431883566
99,334,0.7728663533523183
74,158,0.7728213201945681
91,73,0.7726506461178868
53,23,0.7724423063960432
110,23,0.7724423063960432
21,313,0.772428246073507
23,154,0.7724088332141565
34,49,0.7721974388178848
7,236,0.7719076610273701
99,219,0.7718961265464773
111,65,0.7713307557205743
55,30,0.7712484254908551
38,30,0.7712484254908551
42,318,0.7711072007776454
110,11,0.7710751623369547
96,324,0.7710635795369752
111,184,0.7710212438304896
12,141,0.7706457939840365
71,141,0.7706457939840365
74,24,0.7704560225098173
110,130,0.7701468840633777
76,330,0.7699984019092246
102,330,0.7699984019092246
20,33,0.76977535389688
74,80,0.7689036868168498
51,321,0.7688927989777962
88,321,0.7688927989777962
39,321,0.7688927989777962
11,144,0.7684812448621
102,155,0.7684559323744817
11,316,0.7684365471573987
111,244,0.7683985328244639
82,71,0.7683071081233102
92,33,0.7682550657403118
92,334,0.7682550657403118
92,27,0.7682550657403118
75,255,0.766405870946366
34,73,0.7663099778012831
111,318,0.7662976570257801
108,264,0.7660867891063432
9,2,0.7660352344241123
11,271,0.765662992798799
47,41,0.7655886897314083
23,250,0.765239720732504
111,211,0.7648975593610704
11,197,0.7647284310862776
11,233,0.7647284310862776
64,27,0.7645507345546029
64,33,0.7645507345546029
64,334,0.7645507345546029
51,138,0.7643710937732511
60,147,0.7643063295662833
111,316,0.7642579402070213
111,274,0.7642579402070213
111,164,0.7642579402070213
76,264,0.7635289776865052
91,82,0.7635243472317209
9,313,0.7630748616296588
36,21,0.7625099298881935
111,181,0.7624469877808429
111,189,0.7624469877808429
111,180,0.7624469877808429
24,116,0.7623831999214605
7,36,0.7619057168195648
42,108,0.7614340330187451
42,7,0.7614340330187451
42,67,0.7614340330187451
42,48,0.7614340330187451
42,248,0.7614340330187451
42,105,0.7614340330187451
22,29,0.7613794982046325
85,29,0.7613794982046325
11,222,0.7604535710070458
34,131,0.759659329092461
34,83,0.759659329092461
111,299,0.7596218028872984
93,155,0.7593881280823964
36,215,0.7591825628775979
111,171,0.7590765666178013
75,2,0.7589500743760732
11,124,0.758792858945487
94,30,0.7587227475135697
2,30,0.7587227475135697
5,30,0.7587227475135697
92,30,0.7587227475135697
2,42,0.7585675888257415
5,42,0.7585675888257415
38,42,0.7585675888257415
94,42,0.7585675888257415
55,42,0.7585675888257415
92,42,0.7585675888257415
7,110,0.7584693416588516
111,169,0.7583399571619425
53,140,0.7581198686028676
108,248,0.7579799720431589
55,45,0.7575870738335759
38,45,0.7575870738335759
30,334,0.7574784627806518
20,45,0.7573649912134938
16,153,0.7572219489625852
16,15,0.7572219489625852
76,247,0.7571636890427539
29,297,0.7554073498395563
74,29,0.7547974984471335
108,55,0.7546737401173982
82,138,0.7546428977955745
74,105,0.754637145244932
82,49,0.7542717163096901
108,2,0.7541305623299741
111,140,0.7534655160971033
11,254,0.7533917396235074
11,243,0.7533917396235074
74,146,0.7524989071029191
61,39,0.7518135570146095
108,319,0.7509415331127409
39,282,0.7509339770981999
99,325,0.750507309202432
